id	lan_id	user_id	fuel_word_id	name	context	vote	create	update
1	21	0	37390	ಕುರಿತು	Main menu - which is conveying the copyright and version of the application	0	2014-09-27 10:20:25	2014-09-27 10:20:25
2	21	0	37597	ಜಿನೋಮ್ (ಗ್ನೋಮ್) ಬಗ್ಗೆ	Main Menu - About GNOME	0	2014-09-27 10:20:27	2014-09-27 10:20:27
3	21	0	37598	ನನ್ನ ಬಗ್ಗೆ	Main menu - System – preference – about me. It is giving user information of a system.	0	2014-09-27 10:20:27	2014-09-27 10:20:27
4	21	0	37599	ಮೋಜಿಲ್ಲಾ ಫೈರ್ಫಾಕ್ಸ್ ಬಗ್ಗೆ	About Mozilla Firefox	0	2014-09-27 10:20:27	2014-09-27 10:20:27
5	21	0	37600	ಪಟ್ಟಿಗಳ ಬಗ್ಗೆ	Right click on panel and it is about the panel	0	2014-09-27 10:20:27	2014-09-27 10:20:27
6	21	0	37391	ನಿಲುಕು	Main menu - System – Preference – Accessibility	0	2014-09-27 10:20:25	2014-09-27 10:20:25
7	21	0	37392	ಉಪಕರಣಗಳು	Main menu - which contain text editor, calculator, dictionary like applications	0	2014-09-27 10:20:25	2014-09-27 10:20:25
8	21	0	37393	ಖಾತೆಗಳು	Pidgin - This is your email account in chat application	0	2014-09-27 10:20:25	2014-09-27 10:20:25
9	21	0	37601	ಪುಟಗುರುತನ್ನು ಸೇರಿಸು	Nautilus - Bookmark – Add bookmark. Adding bookmark	0	2014-09-27 10:20:27	2014-09-27 10:20:27
10	21	0	37602	ಗೆಳೆಯರನ್ನು ಸೇರಿಸು	Pidgin - Adding buddies in Chat application	0	2014-09-27 10:20:27	2014-09-27 10:20:27
11	21	0	37603	ಹರಟೆ'-ಸೇರಿಸು	Pidgin – Adding Chat in Chat application	0	2014-09-27 10:20:27	2014-09-27 10:20:27
12	21	0	37604	ಗುಂಪು'-ಸೇರಿಸು	Pidgin – Adding Group in Chat application	0	2014-09-27 10:20:27	2014-09-27 10:20:27
13	21	0	37841	ಕಳುಹಿಸಿದವರ ವಿಳಾಸವನ್ನು ವಿಳಾಸಪುಸ್ತಕಕ್ಕೆ ಸೇರಿಸು	Evolution – Mail – Message - Add Sender to Address Book	0	2014-09-27 10:20:30	2014-09-27 10:20:30
14	21	0	37840	ಸೇರಿಸು ಅಥವಾ ತೆಗೆದುಹಾಕು	Terminal – Terminal – Set character encoding – Add or remove. This is used to adding or removing the Terminal encodings.	0	2014-09-27 10:20:30	2014-09-27 10:20:30
15	21	0	37842	ಪಟ್ಟಿಗೆ ಸೇರಿಸು	Right click on panel and add any items to the panel	0	2014-09-27 10:20:30	2014-09-27 10:20:30
16	21	0	37605	ಸೇರಿಸು/ಸಂಪಾದಿಸು	Pidgin – Account – Add/edit. Add or edit an account.	0	2014-09-27 10:20:27	2014-09-27 10:20:27
17	21	0	37843	ತಂತ್ರಾಂಶವನ್ನು ಸೇರಿಸು/ತೆಗೆದುಹಾಕು	Main menu – System – Administration – Add/Remove Software. Install or uninstall the software in the system.	0	2014-09-27 10:20:30	2014-09-27 10:20:30
18	21	0	37606	ವಿಳಾಸ ಪುಸ್ತಕ	Evolution – Mail – New – Address Book.	0	2014-09-27 10:20:27	2014-09-27 10:20:27
19	21	0	37844	ವಿಳಾಸ ಪುಸ್ತಕದ ಗುಣಗಳು	Evolution – Contact - Actions – Address Book properties. Adding the properties of the Address Book	0	2014-09-27 10:20:30	2014-09-27 10:20:30
20	21	0	37394	ನಿರ್ವಹಣೆ	Main menu – System - Administration. Contains system administration application	0	2014-09-27 10:20:25	2014-09-27 10:20:25
21	21	0	37607	ಸುಧಾರಿತ ಹುಡುಕಾಟ	Evolution – Search – Advanced search. Searching mails in advanced level by setting rules	0	2014-09-27 10:20:27	2014-09-27 10:20:27
22	21	0	37395	ಹೊಂದಿಕೆ	In open office – oowriter – Format – Alignment. It 'll align the selected text to the specific place.	0	2014-09-27 10:20:25	2014-09-27 10:20:25
23	21	0	37845	ಎಲ್ಲ ಸಂದೇಶ ತಲೆಬರಹಗಳು	Right click on panel and you can add any items to the panel	0	2014-09-27 10:20:30	2014-09-27 10:20:30
24	21	0	37396	ನೆಲೆಗೊಳಿಸು	In open office – oowriter – Format – Anchor. Sets the anchoring options for the selected object.	0	2014-09-27 10:20:25	2014-09-27 10:20:25
25	21	0	37608	ಸಂಚಲನ ಚಿತ್ರ	Open office – Ooimpress – Insert – Animated Image. Inserts a animation in the presentation.	0	2014-09-27 10:20:27	2014-09-27 10:20:27
26	21	0	37609	ಯಾವುದೇ ವರ್ಗ	Evolution – Mail – show - Any category.	0	2014-09-27 10:20:27	2014-09-27 10:20:27
27	21	0	37397	ಅನ್ವಯಗಳು	Main menu – To start the application	0	2014-09-27 10:20:25	2014-09-27 10:20:25
28	21	0	37398	ಸೋಸುಕಗಳನ್ನು ಅನ್ವಯಿಸು	Evolution – Mail – Message – Apply filters.	0	2014-09-27 10:20:25	2014-09-27 10:20:25
29	21	0	37610	ಸಂಗ್ರಹ ವ್ಯವಸ್ಥಾಪಕ	Main menu – Accessories – Archive manager. Opens the archive manager.	0	2014-09-27 10:20:27	2014-09-27 10:20:27
30	21	0	37399	ಸ್ಥಳ	In open office – oowriter – Format – Graphics - area. Set the fill options for the selected drawing object.	0	2014-09-27 10:20:25	2014-09-27 10:20:25
31	21	0	37400	ಕ್ರಮ	Open office – oowriter – Format – Arrange. Use the arrange commands to change the stacking order of objects in your document.	0	2014-09-27 10:20:25	2014-09-27 10:20:25
32	21	0	37611	ವಸ್ತುಗಳನ್ನು ಕ್ರಮಗೊಳಿಸು	Nautilus – View – Arrange Items. Arranges files and folder in the selected way.	0	2014-09-27 10:20:27	2014-09-27 10:20:27
33	21	0	37612	ಕಾರ್ಯವನ್ನು ನಿಯೋಜಿಸು	Evolution – Task – Action – Assign task. Assigns a task.	0	2014-09-27 10:20:27	2014-09-27 10:20:27
34	21	0	37846	ಸಹಾಯಕ ತಂತ್ರಜ್ಞಾನದ ಆದ್ಯತೆಗಳು	Main menu – System – preferences - Assistive Technology preferences. Use the Assistive Technologies preference tool to enable assistive technologies in the GNOME Desktop.	0	2014-09-27 10:20:30	2014-09-27 10:20:30
35	21	0	37401	 ದೃಢೀಕರಣ	Main menu – System – Administration – Authentication. This the configuration of Authentication.	0	2014-09-27 10:20:25	2014-09-27 10:20:25
36	21	0	37402	ಸ್ವಯಂತಿದ್ದುಪಡಿ	Open office – oowriter – Tools – Auto correct. Sets the options for automatically replacing text as you type.	0	2014-09-27 10:20:25	2014-09-27 10:20:25
37	21	0	37403	ಸ್ವಯಂಹೊಂದಿಕೆ	Open office – oowriter - Table – Autofit – Automatically fit the row height, column width and like same kind of other task.	0	2014-09-27 10:20:25	2014-09-27 10:20:25
38	21	0	37404	ಸ್ವಯಂವಿನ್ಯಾಸ	open office – oowriter – Format – Auto format. Choose a predefined AutoFormat to apply to a selected area in your sheet.	0	2014-09-27 10:20:25	2014-09-27 10:20:25
39	21	0	37405	ಸ್ವಯಂಪಠ್ಯ	Open office – Oowriter - Edit – AutoText. Creates, edits, or inserts AutoText. You can store formatted text, text with graphics, tables, and fields as AutoText.	0	2014-09-27 10:20:25	2014-09-27 10:20:25
40	21	0	37613	ಸ್ವಯಂ ಪದಪರೀಕ್ಷೆ	Gedit – Tools - Autocheck Spelling. Automatically check the spelling.	0	2014-09-27 10:20:27	2014-09-27 10:20:27
41	21	0	37406	ಹಿಂದಕ್ಕೆ	Firefox – History – back. To go back to the previously visited page	0	2014-09-27 10:20:25	2014-09-27 10:20:25
42	21	0	37847	ಹಿನ್ನಲೆಗಳು ಹಾಗು ಲಾಂಛನಗಳು	Nautilus – Edit – Backgrounds and Emblems. Adding background and emblems	0	2014-09-27 10:20:30	2014-09-27 10:20:30
43	21	0	37614	ಗ್ರಂಥಸೂಚಿ ದತ್ತಸಂಚಯ	Open office – Oowriter – Tools - Bibliography Database. Insert, delete, edit, and organize records in the bibliography database.	0	2014-09-27 10:20:27	2014-09-27 10:20:27
44	21	0	37615	ಗ್ರಂಥಸೂಚಿ ನಮೂದು	Open office – Oowriter – Edit - Bibliography Entry. To edit bibliography entry.	0	2014-09-27 10:20:27	2014-09-27 10:20:27
45	21	0	37407	ಪುಟಗುರುತು	Firefox – Bookmark. To bookmark a visited page.	0	2014-09-27 10:20:25	2014-09-27 10:20:25
46	21	0	37848	ಎಲ್ಲ ಪುಟಗಳನ್ನೂ ಪುಟಗುರುತುಮಾಡು	Firefox – Bookmark – Bookmark all Tabs. To bookmark all the opened Tabs.	0	2014-09-27 10:20:30	2014-09-27 10:20:30
47	21	0	37849	ಈ ಪುಟವನ್ನು ಪುಟಗುರುತು ಮಾಡು	Firefox – Bookmark – Bookmark This Page. To bookmark the Current opened page.	0	2014-09-27 10:20:30	2014-09-27 10:20:30
48	21	0	37616	ಕೆಳ ಪಟ್ಟಿ	Gedit – view – Bottom pane. To view the bottom pane.	0	2014-09-27 10:20:27	2014-09-27 10:20:27
49	21	0	37408	ಎಲ್ಲೆಗಳು	Open office – oowriter – View - Text Boundaries. Shows or hides the boundaries of the printable area of a page. The boundary lines are not printed.	0	2014-09-27 10:20:25	2014-09-27 10:20:25
50	21	0	37617	ಕಡತಕೋಶಗಳನ್ನು ವೀಕ್ಷಿಸು	Nautilus – Browse folders	0	2014-09-27 10:20:27	2014-09-27 10:20:27
51	21	0	37409	ಗೆಳೆಯರು	Pidgin – Buddies. All about the your chat buddies	0	2014-09-27 10:20:25	2014-09-27 10:20:25
52	21	0	37618	ಗೆಳೆಯರ ಸಂಪರ್ಕ ಸೂಚನೆ	Pidgin – Tools – Buddy pounces. Buddy pounce is much like a macro, or a recorded action. When you set a pounce on someone, you can choose from a number of events, such as sign on or status change, and then you choose from a number of actions.	0	2014-09-27 10:20:27	2014-09-27 10:20:27
53	21	0	37850	ಅಂಶಸೂಚಕ ಹಾಗು ಸಂಖ್ಯಾವಿನ್ಯಾಸ	Open office – Oowriter – Format - Bullets and Numbering. Displays the different bullet styles that you can apply.	0	2014-09-27 10:20:30	2014-09-27 10:20:30
54	21	0	37619	ಸಂಸ್ಥೆಯ ಕ್ರಮದಲ್ಲಿ	Evolution – Contacts – View – Current view – By company.	0	2014-09-27 10:20:28	2014-09-27 10:20:28
55	21	0	37623	ಸಿ. ಡಿ. ಚಾಲಕ	Main menu – Sound & video -CD Player. Opens CD Player application.	0	2014-09-27 10:20:28	2014-09-27 10:20:28
56	21	0	37851	ಸಿ.ಡಿ/ಡಿ.ವಿ.ಡಿ ರಚಕ	Main menu – System tools – CD/DVD creator. Opens the CD/DVD creator file browser.	0	2014-09-27 10:20:30	2014-09-27 10:20:30
57	21	0	37410	ಲೆಕ್ಕಹಾಕು	Open office – oowriter – Tools-calculate Calculates the selected formula and copies the result to the clipboard.	0	2014-09-27 10:20:25	2014-09-27 10:20:25
58	21	0	37411	ಗುಣಕ	Main Menu – Accessories- Calculator. An application	0	2014-09-27 10:20:25	2014-09-27 10:20:25
59	21	0	37412	ದಿನಸೂಚಿ	Main Menu – Office – Calendar. Opens the calendar application.	0	2014-09-27 10:20:25	2014-09-27 10:20:25
60	21	0	37620	ಮರುಸ್ಥಾಪನೆ ಸಾಧ್ಯವಿಲ್ಲ	Open office -Edit - Can't Restore. In a new document there is nothing to restore.	0	2014-09-27 10:20:28	2014-09-27 10:20:28
61	21	0	37621	ರದ್ದತಿ ಸಾಧ್ಯವಿಲ್ಲ	Open office -Edit - Can't Undo. n a new document there is nothing to undo.	0	2014-09-27 10:20:28	2014-09-27 10:20:28
62	21	0	37413	ರದ್ದು	Gdm – Cancel. Cancel 'll exit the dialog.	0	2014-09-27 10:20:25	2014-09-27 10:20:25
63	21	0	37414	ಶೀರ್ಷಿಕೆ	open office – oowriter - Insert – Caption. Adds a numbered caption to a selected graphic, table, frame, text frame, or drawing object.	0	2014-09-27 10:20:25	2014-09-27 10:20:25
64	21	0	37622	ಕ್ಯಾರಟ್ ಗುರುತಿನ ಸ್ಥಿತಿ	Evolution – Mail – View – Caret mode. Click this option if you would like see a caret or cursor in the Yelp Browser Pane. This allows you to browse the document more easily by showing where the cursor is located in the document.	0	2014-09-27 10:20:28	2014-09-27 10:20:28
65	21	0	37624	ಕೋಶದ ಒಳಪಿಡಿ	Open office – OOcalc – Tools – Cell contents. Opens a submenu with commands to calculate tables and activate AutoInput.	0	2014-09-27 10:20:28	2014-09-27 10:20:28
66	21	0	37415	ಕೋಶಗಳು	Open office – Oocalc – Format – cells – Formatting the selected cells	0	2014-09-27 10:20:25	2014-09-27 10:20:25
67	21	0	37625	ದೊಡ್ಡ/ಸಣ್ಣ ಅಕ್ಷರ	Open office – Oowriter – Format – Change case. Changes the case of the selected characters, or if the cursor is in a word, changes the case of all of the characters in the word.	0	2014-09-27 10:20:28	2014-09-27 10:20:28
68	21	0	37852	ಗಣಕತೆರೆ ಹಿನ್ನೆಲೆಯನ್ನು ಬದಲಾಯಿಸು	Main Menu - System – preference – Display. To configure the display.	0	2014-09-27 10:20:30	2014-09-27 10:20:30
69	21	0	37626	ಭಾಷೆಯನ್ನು ಬದಲಾಯಿಸು	Gdm – To change the language of the system.	0	2014-09-27 10:20:28	2014-09-27 10:20:28
70	21	0	37627	ಪರಿಚೆಯನ್ನು ಬದಲಾಯಿಸು	Terminal – Edit – Change profile. With some option you can change the profile.	0	2014-09-27 10:20:28	2014-09-27 10:20:28
71	21	0	37628	ಅಧಿವೇಶನವನ್ನು ಬದಲಾಯಿಸು	Gdm – To change the session of the system.	0	2014-09-27 10:20:28	2014-09-27 10:20:28
72	21	0	37416	ಬದಲಾವಣೆಗಳು, ಮಾರ್ಪಾಡುಗಳು	Open office – Oowriter – Edit – Changes. The Changes dialog specifies various options for highlighting recorded changes in documents.	0	2014-09-27 10:20:25	2014-09-27 10:20:25
73	21	0	37417	ಅಕ್ಷರ	Open office – Oowriter – Format- character. Changes the font and the font formatting for the selected characters.	0	2014-09-27 10:20:25	2014-09-27 10:20:25
74	21	0	37629	ಅಕ್ಷರ ಸಂಕೇತ ವ್ಯವಸ್ಥೆ	Firefox – View – Character encoding. Allows you to manually change the character encoding on a web page. Firefox usually does this automatically.	0	2014-09-27 10:20:28	2014-09-27 10:20:28
75	21	0	37630	ಅಕ್ಷರ ನಕ್ಷೆ	Main Menu – Accessories – Character Map. Opens the character map.	0	2014-09-27 10:20:28	2014-09-27 10:20:28
76	21	0	37418	ನಕ್ಷೆ	Open office – Oocalc – Insert – chart. You can insert a copy of a chart that is not updated when you modify the chart data in the spreadsheet.	0	2014-09-27 10:20:25	2014-09-27 10:20:25
77	21	0	37631	ಪದಪರೀಕ್ಷಣೆ	Gedit – Tools - Check Spelling. Checks the spelling in the document.	0	2014-09-27 10:20:28	2014-09-27 10:20:28
78	21	0	37853	ಕಸವಿದೆಯೆ ಪರೀಕ್ಷಿಸು	Evolution – Mail – Messages - Check for Junk. Checking for junk mails	0	2014-09-27 10:20:30	2014-09-27 10:20:30
79	21	0	37854	ಇತ್ತೇದನಗಳಿಗೆ ಪರೀಕ್ಷಿಸು	Firefox – Help – Check for updates. Displays a dialog which checks for updates to Firefox and asks you whether you want to download updates if any are available	0	2014-09-27 10:20:30	2014-09-27 10:20:30
80	21	0	37855	ಹೆಸರುಗಳ ಅನುಸಾರ ಸ್ವಚ್ಛಗೊಳಿಸು	Right click on desktop - Clean UP by Name	0	2014-09-27 10:20:30	2014-09-27 10:20:30
81	21	0	37856	ಹೆಸರುಗಳ ಅನುಸಾರ ಸ್ವಚ್ಛಗೊಳಿಸು	Right click on nautilus - Clean UP by Names	0	2014-09-27 10:20:30	2014-09-27 10:20:30
82	21	0	37419	ತೆರವು	Evolution – Search – Clear. Clears the search text box entry.	0	2014-09-27 10:20:25	2014-09-27 10:20:25
83	21	0	37632	ಬೆಳಗಿಸಿರುವುದನ್ನು ತೆರವುಗೊಳಿಸು	Gedit – Search - Clear Highlight.	0	2014-09-27 10:20:28	2014-09-27 10:20:28
84	21	0	37633	ಖಾಸಗಿ ದತ್ತಾಂಶವನ್ನು ಅಳಿಸು	Firefox – Tools – Clear private Data. Allows you to erase your browsing history, temporarily stored files, cookies, and other private data	0	2014-09-27 10:20:28	2014-09-27 10:20:28
85	21	0	37420	ಮುಚ್ಚು	Gedit, open office – File - close. To close the application.	0	2014-09-27 10:20:25	2014-09-27 10:20:25
86	21	0	37634	ಎಲ್ಲವನ್ನೂ ಮುಚ್ಚು	Gedit – Document – Close All. Closes all the documents.	0	2014-09-27 10:20:28	2014-09-27 10:20:28
87	21	0	37857	ಎಲ್ಲ ಕಡತಕೋಶಗಳನ್ನು ಮುಚ್ಚು	Nautilus – File – Close all Folders. Closes all the folders	0	2014-09-27 10:20:30	2014-09-27 10:20:30
88	21	0	37858	ಮೇಲಿನ ಕಡತಕೋಶಗಳನ್ನು ಮುಚ್ಚು	Nautilus – File – Close parent Folders. Closes the parent folders	0	2014-09-27 10:20:30	2014-09-27 10:20:30
89	21	0	37635	ಜಾಲಪುಟವನ್ನು ಮುಚ್ಚು	Terminal – File – Close Tab. Closes the tab.	0	2014-09-27 10:20:28	2014-09-27 10:20:28
90	21	0	37636	ಕಿಟಕಿಯನ್ನು ಮುಚ್ಚು	Terminal – File – Close window. Closes the window.	0	2014-09-27 10:20:28	2014-09-27 10:20:28
91	21	0	37859	ಎಲ್ಲ ಎಳೆಗಳನ್ನು ಕೂಡಿಸು	Evolution – Mail – View - Collapse All Threads.	0	2014-09-27 10:20:30	2014-09-27 10:20:30
92	21	0	37637	ಬಣ್ಣ / ಬೂದುಶ್ರೇಣಿ	Open office – Oodraw – View – Color/Grayscale.	0	2014-09-27 10:20:28	2014-09-27 10:20:28
93	21	0	37421	ಉದ್ದಸಾಲು	Open office – Oowriter – Insert – column. Inserting column in a table or spreadsheet.	0	2014-09-27 10:20:25	2014-09-27 10:20:25
94	21	0	37860	ಉದ್ದಸಾಲು ಮತ್ತು ಅಡ್ಡಸಾಲಿನ ತಲೆಬರಹಗಳು	Open office – Oocalc – View - Column & Row Headers	0	2014-09-27 10:20:30	2014-09-27 10:20:30
95	21	0	37638	ದಸ್ತಾವೇಜುಗಳನ್ನು ಹೋಲಿಸು	Open office – Oowriter – Edit - Compare Documents. Compares the current document with a document that you select.	0	2014-09-27 10:20:28	2014-09-27 10:20:28
96	21	0	37861	ಹೊಸ ಸಂದೇಶ ರಚಿಸು	Evolution – Mail – Message - Compose New Message. Composes a new message.	0	2014-09-27 10:20:30	2014-09-27 10:20:30
97	21	0	37422	ಗಣಕ	Main menu – Places – Computer.	0	2014-09-27 10:20:25	2014-09-27 10:20:25
98	21	0	37639	ನಿಬಂಧನಗಳೊಂದಿಗೆ ವಿನ್ಯಾಸ	Open office – Oowriter - Format – Conditional Formatting. Choose Conditional Formatting to define format styles depending on certain conditions.	0	2014-09-27 10:20:28	2014-09-27 10:20:28
99	21	0	37640	ಸಂರಚನ ಸಂಪಾದಕ	Main Menu – System tools – Configuration Editor. Opens the configuration Editor.	0	2014-09-27 10:20:28	2014-09-27 10:20:28
100	21	0	37862	ಪೂರೈಕೆಗಣಕಕ್ಕೆ ಸಂಪರ್ಕಿಸು	Main menu – Place – Connect to server. Connect to server dialog 'll open. There you can configure the server to be connected.	0	2014-09-27 10:20:30	2014-09-27 10:20:30
101	21	0	37641	ಜೋಡಣೆ ಮಾಹಿತಿ	Gdm – Connection Information. Shows the network connection information.	0	2014-09-27 10:20:28	2014-09-27 10:20:28
102	21	0	37423	ಕ್ರೋಡೀಕರಿಸು	Open office – oocalc – Data – consolidate. Combines data from one or more independent cell ranges and calculates a new range using the function that you specify.	0	2014-09-27 10:20:25	2014-09-27 10:20:25
103	21	0	37424	ಸಂಪರ್ಕ	Main Menu – Internet – Contacts. Opens the contacts application.	0	2014-09-27 10:20:25	2014-09-27 10:20:25
104	21	0	37425	ಒಳಪಿಡಿ	Help – contents for most of the application.	0	2014-09-27 10:20:25	2014-09-27 10:20:25
105	21	0	37426	ನಿಯಂತ್ರಣ	Open office – oocalc – Format – Control. It formats a control	0	2014-09-27 10:20:25	2014-09-27 10:20:25
106	21	0	37427	ಪರಿವರ್ತಿಸು	Open office – Oowriter – Table – Convert. Converts the selected text into a table, or the selected table into text.	0	2014-09-27 10:20:25	2014-09-27 10:20:25
107	21	0	37642	ಕಾರ್ಯಕ್ಕೆ ಪರಿವರ್ತಿಸು	Evolution – Task - Convert to Task	0	2014-09-27 10:20:28	2014-09-27 10:20:28
108	21	0	37428	ಪ್ರತಿಮಾಡು	Open office, Firefox, Gedit... – Edit – Copy. Copies the selection to the clipboard.	0	2014-09-27 10:20:25	2014-09-27 10:20:25
109	21	0	37863	ಎಲ್ಲಾ ಸಂಪರ್ಕವಿಳಾಸವನ್ನು ಇಲ್ಲಿಗೆ ಪ್ರತಿ ಮಾಡು	Evolution – Contacts – Actions- Copy All Contact to. Copies all the contacts to specified place.	0	2014-09-27 10:20:30	2014-09-27 10:20:30
110	21	0	37864	ಸಂಪರ್ಕವಿಳಾಸವನ್ನು ಇಲ್ಲಿಗೆ ಪ್ರತಿ ಮಾಡು	Evolution – Contacts – Actions- Copy Contact to. Copies the selected contacts to specified place.	0	2014-09-27 10:20:30	2014-09-27 10:20:30
111	21	0	37865	ಕಡತಕೋಶವನ್ನು ಇಲ್ಲಿಗೆ ಪ್ರತಿ ಮಾಡು...	Evolution – Mail – Folder- Copy Folder to. Copies selected Folder to specified place.	0	2014-09-27 10:20:30	2014-09-27 10:20:30
112	21	0	37866	ಕಡತಕೋಶಕ್ಕೆ ಪ್ರತಿ ಮಾಡು	Evolution – Mail – Message - Copy to Folder. Copies the mesages to the folder.	0	2014-09-27 10:20:30	2014-09-27 10:20:30
113	21	0	37429	ರಚಿಸು	Open office – Oocalc – Insert – Names – Create. Allows you to automatically name multiple cell ranges.	0	2014-09-27 10:20:25	2014-09-27 10:20:25
114	21	0	37643	ದಸ್ತಾವೇಜು ರಚಿಸು	Right click on the desktop – Create Document. Creates a document on the desktop.	0	2014-09-27 10:20:28	2014-09-27 10:20:28
115	21	0	37644	ಕಡತಕೋಶವನ್ನು ರಚಿಸು	Right click on the desktop – Create Folder. Creates a folder on the desktop.	0	2014-09-27 10:20:28	2014-09-27 10:20:28
116	21	0	37645	ಆರಂಭಕವನ್ನು ರಚಿಸು	Right click on the desktop – Create Launcher. Creates a launcher of any application on the desktop.	0	2014-09-27 10:20:28	2014-09-27 10:20:28
117	21	0	37646	ನಿಯಮವನ್ನು ರಚಿಸು	Evolution – Mail – Message – Create rule. Creates filter rule for message.	0	2014-09-27 10:20:28	2014-09-27 10:20:28
118	21	0	37867	ಹುಡುಕಾಟದಿಂದ ಹುಡುಕು ಕಡತಕೋಶವನ್ನು ರಚಿಸು	Evolution – Mail – Search - Create Search Folder from Search.	0	2014-09-27 10:20:30	2014-09-27 10:20:30
119	21	0	37647	ಅಡ್ಡ-ಉಲ್ಲೇಖ	Open office – Oowriter – Insert – Cross-reference. Cross-references allow you to jump to specific text passages and objects in a single document. A cross-reference consists of a target and a reference that are inserted as fields in the document.	0	2014-09-27 10:20:28	2014-09-27 10:20:28
120	21	0	37648	ಸದ್ಯದ ಪರಿಸರ	Terminal – View – current locale	0	2014-09-27 10:20:28	2014-09-27 10:20:28
121	21	0	37649	ಸದ್ಯದ ಪರಿಚೆ?	Terminal – View – current profile	0	2014-09-27 10:20:28	2014-09-27 10:20:28
122	21	0	37650	ಸದ್ಯದ ನೋಟ	Evolution – Mail – View – Current view. Shows the current view option	0	2014-09-27 10:20:28	2014-09-27 10:20:28
123	21	0	37651	ಅಗತ್ಯಾನುಗುಣ ಚಿತ್ರಸಂಚಲನ	Open office – Ooimpress – Slide show – Custom animation.	0	2014-09-27 10:20:28	2014-09-27 10:20:28
124	21	0	37868	ಅಗತ್ಯಾನುಗುಣ ಜಾರುಫಲಕ ಪ್ರದರ್ಶನ	Open office – ooimpress – Slide show – Custom Slide show. Runs the custom slide show you selected when you click Start	0	2014-09-27 10:20:30	2014-09-27 10:20:30
125	21	0	37430	ಅಗತ್ಯಾನುಗುಣ	Open office – Oocalc – Tools – Customize. It customize the menus, Keyboard, Toolbars, Event.	0	2014-09-27 10:20:25	2014-09-27 10:20:25
126	21	0	37431	ಕತ್ತರಿಸು	Open office, Firefox, Gedit... – Edit – Cut. Removes and copies the selection to the clipboard.	0	2014-09-27 10:20:25	2014-09-27 10:20:25
127	21	0	37667	DOM ಪರೀಕ್ಷಕ	It is an addon for firefox.	0	2014-09-27 10:20:28	2014-09-27 10:20:28
128	21	0	37432	ದತ್ತಮಾದರಿ	Open office – Oocalc - Data - DataPilot. Specify the layout of the table that is generated by the DataPilot.	0	2014-09-27 10:20:25	2014-09-27 10:20:25
129	21	0	37869	ದಿನಾಂಕ ಮತ್ತು ಸಮಯ	Main menu – System – Administration – Date & Time. Configures the system Date & Time.	0	2014-09-27 10:20:30	2014-09-27 10:20:30
130	21	0	37433	ದಿನ	Evoution – Mail – View – Current view – Day.	0	2014-09-27 10:20:25	2014-09-27 10:20:25
131	21	0	37652	ದಿನದ ನೋಟ	Evolution – Mail – View – Current view – Day view. Shows the day view	0	2014-09-27 10:20:28	2014-09-27 10:20:28
132	21	0	37653	ದೋಷ ನಿದಾನ ಕಿಟಕಿ	Pidgin – Help – Debug window.	0	2014-09-27 10:20:28	2014-09-27 10:20:28
133	21	0	37654	ಪೂರ್ವನಿಯೋಜಿತ ವಿನ್ಯಾಸ	Open office – Oowriter – Format – Default Formatting. Removes direct formatting and formatting by character styles from the selection.	0	2014-09-27 10:20:28	2014-09-27 10:20:28
134	21	0	37655	ಪೂರ್ವನಿಯೋಜಿತ ಮುದ್ರಕ	Main menu – System – Preferences – Default Printer. Configure the Default printer.	0	2014-09-27 10:20:28	2014-09-27 10:20:28
135	21	0	37870	ಪೂರ್ವನಿಯೋಜಿತ ವ್ಯವಸ್ಥೆಯ ಅಧಿವೇಶನ	Gdm - Sets the default system session.	0	2014-09-27 10:20:30	2014-09-27 10:20:30
136	21	0	37656	ವ್ಯಾಪ್ತಿಯನ್ನು ಸೂಚಿಸು	Open office – Oocalc - Data – Define Range. Defines data range.	0	2014-09-27 10:20:28	2014-09-27 10:20:28
137	21	0	37657	ನೋಟಗಳನ್ನು ಸೂಚಿಸು	Evolution – View – Define views.	0	2014-09-27 10:20:28	2014-09-27 10:20:28
138	21	0	37434	ಅಳಿಸು	Evolution – Mail – Folder – Delete. Deletes the selected folder.	0	2014-09-27 10:20:25	2014-09-27 10:20:25
139	21	0	37658	ಕೋಶಗಳನ್ನು ಅಳಿಸು	Open office -Oocalc – Edit – Delete Cells. Deletes the selected cells	0	2014-09-27 10:20:28	2014-09-27 10:20:28
140	21	0	37659	ಒಳಪಿಡಿಯನ್ನು ಅಳಿಸು	Open office -Oocalc – Edit – Delete Contents. Deletes the selected cells content only.	0	2014-09-27 10:20:28	2014-09-27 10:20:28
141	21	0	37871	ಕೈಯಾರ ತಡೆಯನ್ನು ಅಳಿಸು	open office -oowriter – Insert - Delete Manual Break. Deletes the manual page break.	0	2014-09-27 10:20:30	2014-09-27 10:20:30
142	21	0	37660	ಸಂದೇಶವನ್ನು ಅಳಿಸು	Evolution – mail – Message – Delete message . Deletes the selected messages.	0	2014-09-27 10:20:28	2014-09-27 10:20:28
143	21	0	37661	ಜಾರುಫಲಕವನ್ನು ಅಳಿಸು	Open office – Ooimpress – Edit - Delete Slide. Deletes the selected slide.	0	2014-09-27 10:20:28	2014-09-27 10:20:28
144	21	0	37872	ಈ ಪಟ್ಟಿಯನ್ನು ಅಳಿಸು	Right click on panel and you can delete the panel.	0	2014-09-27 10:20:30	2014-09-27 10:20:30
145	21	0	37435	ಗಣಕತೆರೆ (ಡೆಸ್ಕ್‍ಟಾಪ್)	Main Menu – Places – Desktop. To open the desktop contents in nautilus	0	2014-09-27 10:20:25	2014-09-27 10:20:25
146	21	0	37662	ಗಣಕತೆರೆ ಹಿನ್ನೆಲೆ	Main Menu – System - Preferences – Desktop Background. Setting up the desktop background.	0	2014-09-27 10:20:28	2014-09-27 10:20:28
147	21	0	37663	ಡೆಸ್ಕ್‍ಟಾಪ್ ಪರಿಣಾಮಗಳು	Main Menu – System - Preferences – Desktop Effects. Setting up the desktop Effects.	0	2014-09-27 10:20:28	2014-09-27 10:20:28
148	21	0	37664	ಪುಟವನ್ನು ಬೇರ್ಪಡಿಸು	Terminal – Tabs – Detach Tab. Detaches the current tab.	0	2014-09-27 10:20:28	2014-09-27 10:20:28
149	21	0	37436	ಪತ್ತೆ	Open office – Oocalc – Tools – Detective. This command activates the Spreadsheet Detective. With the Detective, you can trace the dependencies from the current formula cell to the cells in the spreadsheet.	0	2014-09-27 10:20:25	2014-09-27 10:20:25
150	21	0	37437	ನಿಘಂಟು	Main menu – Accessories – Dictionary. This is an application.	0	2014-09-27 10:20:25	2014-09-27 10:20:25
151	21	0	37665	ಆಂಕಿಕ ಸಹಿ	Open office – File – Digital signatures. Adds and removes digital signatures to and from your document. You can also use the dialog to view certificates.	0	2014-09-27 10:20:28	2014-09-27 10:20:28
152	21	0	37873	ಡಿಸ್ಕ್‍ ಬಳಕೆಯ ವಿಶ್ಲೇಷಕ	Main menu – System tools -Disk Usage Analyzer. Opens Disk Usage Analyzer	0	2014-09-27 10:20:30	2014-09-27 10:20:30
153	21	0	37438	ಪ್ರದರ್ಶನ	Main Menu - System – preference – Display. To configure the display.	0	2014-09-27 10:20:25	2014-09-27 10:20:25
154	21	0	37666	ದಸ್ತಾವೇಜಿನ ಅಂಕಿಅಂಶಗಳು	Gedit – Tools – Document statistics. Shows the statistic of the Document.	0	2014-09-27 10:20:28	2014-09-27 10:20:28
155	21	0	37439	ದಸ್ತಾವೇಜಿಕರಣ	Main Menu - System – Documentations. You can see the installed documentation like installation guide, deployment guide.	0	2014-09-27 10:20:25	2014-09-27 10:20:25
156	21	0	37440	ದಸ್ತಾವೇಜುಗಳು	Gedit – Documents. This menu contains Document related operation.	0	2014-09-27 10:20:25	2014-09-27 10:20:25
157	21	0	37441	ಇಳಿಕೆಗಳು	Firefox – Tools – Downloads. Shows the download progress window	0	2014-09-27 10:20:25	2014-09-27 10:20:25
158	21	0	37442	ಕರಡು	Evolution – Mail – Drafts. Draft mail are saved in this folder.	0	2014-09-27 10:20:25	2014-09-27 10:20:25
159	21	0	37443	ನಕಲು	Nautilus – Edit – Duplicate. Duplicates the selected file or folder.	0	2014-09-27 10:20:25	2014-09-27 10:20:25
160	21	0	37668	ಜಾರುಫಲಕದ ಪ್ರತಿ	Open office -Ooimpress – Insert – Duplicate slide. Inserts a Duplicate slide in a presentation.	0	2014-09-27 10:20:28	2014-09-27 10:20:28
161	21	0	37444	ಸಂಪಾದಿಸು	Open office, Gedit, Evolution.. - Edit. This is menu item which contains the editing commands.	0	2014-09-27 10:20:25	2014-09-27 10:20:25
162	21	0	37669	ಪುಟಗುರುತುಗಳನ್ನು ಸಂಪಾದಿಸು	Nautilus - Bookmark – Edit bookmarks. Editing bookmark	0	2014-09-27 10:20:28	2014-09-27 10:20:28
163	21	0	37875	ಉಳಿಸಿದ ಹುಡುಕಾಟವನ್ನು ಸಂಪಾದಿಸು	Evolution – Search - Edit Saved Search. Edits the saved search.	0	2014-09-27 10:20:30	2014-09-27 10:20:30
164	21	0	37874	ಹೊಸ ಸಂದೇಶವಾಗಿ ಸಂಪಾದಿಸು	Evolution – Message - Edit as New Message.	0	2014-09-27 10:20:30	2014-09-27 10:20:30
165	21	0	37670	ಖಾಲಿ ಮಂಡನೆ	Open office – Ooimpress – Empty presentation. To open a empty presentation.	0	2014-09-27 10:20:28	2014-09-27 10:20:28
166	21	0	37671	ಕಸದ ಬುಟ್ಟಿಯನ್ನು ಬರಿದು ಮಾಡು	Evolution – Mail – File – Empty Trash. Empty the Trash folder.	0	2014-09-27 10:20:28	2014-09-27 10:20:28
167	21	0	37672	ಜಾಲಬಂಧವನ್ನು ಅನುಗೊಳಿಸು	Gdm – Enable Networking. To enable the available network.	0	2014-09-27 10:20:28	2014-09-27 10:20:28
168	21	0	37445	ಲಕೋಟೆ	Open office -Oocalc – File – Wizards – Letter. Defines the items to be included in the letter template.	0	2014-09-27 10:20:25	2014-09-27 10:20:25
169	21	0	37673	ದತ್ತಸಂಚಯ ವಿನಿಮಯ	Open office – Edit – Exchange database.	0	2014-09-27 10:20:28	2014-09-27 10:20:28
170	21	0	37446	ಹೊರಗೆ	Open office – File – Exit. Exit from the application.	0	2014-09-27 10:20:25	2014-09-27 10:20:25
171	21	0	37876	ಎಲ್ಲ ಎಳೆಗಳನ್ನು ಹಿಗ್ಗಿಸು	Firefox – Bookmark – Bookmark This Page. To bookmark the Current opened page.	0	2014-09-27 10:20:30	2014-09-27 10:20:30
172	21	0	37674	ಜಾರುಫಲಕವನ್ನು ವಿಸ್ತರಿಸು	Open office -Ooimpress – Insert – Expand slide.	0	2014-09-27 10:20:28	2014-09-27 10:20:28
173	21	0	37447	ರಫ್ತು	Open office – File – Export. Export a file to another format.	0	2014-09-27 10:20:26	2014-09-27 10:20:26
174	21	0	37877	ಪಿಡಿಎಫ್ ಆಗಿ ರಫ್ತುಮಾಡು	Open office – Oowriter – File – Export as PDF. Saves the current file to Portable Document Format (PDF) version	0	2014-09-27 10:20:30	2014-09-27 10:20:30
175	21	0	37448	ತೆಗೆದುಹಾಕು	Evolution – Folder – Expunge. Permanently delete the selected message.	0	2014-09-27 10:20:26	2014-09-27 10:20:26
176	21	0	37449	ವಿಸ್ತರಣೆಗಳು	Firefox – Tools – Extension. Manages the extension install in Firefox	0	2014-09-27 10:20:26	2014-09-27 10:20:26
177	21	0	37450	ಪಿಚಕಾರಿ	Open office – Oodraw – Tools – Eyedropper. Opens the eyedropper dialog, where you can replace colors in bitmap and meta file graphics. You can replace up to four different colors at one time.	0	2014-09-27 10:20:26	2014-09-27 10:20:26
178	21	0	37675	ಸುರಕ್ಷಿತ ಆದೇಶತೆರೆ	Gdm – Fail safe terminal.	0	2014-09-27 10:20:28	2014-09-27 10:20:28
179	21	0	37676	ಕ್ಷೇತ್ರಗಳ ಹೆಸರುಗಳು	Open office – Oowriter – View – Field names. Shows the field names.	0	2014-09-27 10:20:28	2014-09-27 10:20:28
180	21	0	37677	ಕ್ಷೇತ್ರದ ಮಸುಕುಗೊಳಿಕೆ	Open office – Oowriter – View – Field shadings. Show or hide the field shadings.	0	2014-09-27 10:20:28	2014-09-27 10:20:28
181	21	0	37451	ಕ್ಷೇತ್ರಗಳು	Open office – oowriter – Tools – Update - Fields. Updates the contents of all fields in the current document.	0	2014-09-27 10:20:26	2014-09-27 10:20:26
182	21	0	37452	ಕಡತ	Open office, gedit, firefox.. etc – File. Which contain the document related things.	0	2014-09-27 10:20:26	2014-09-27 10:20:26
183	21	0	37678	ಕಡತ ವೀಕ್ಷಕ	Main Menu – System tools – File Browser. Opens the file browser.	0	2014-09-27 10:20:28	2014-09-27 10:20:28
184	21	0	37679	ಕಡತ ವ್ಯವಸ್ಥಾಪನೆ	Main menu - System – preference – File management. Configures the file management.	0	2014-09-27 10:20:28	2014-09-27 10:20:28
185	21	0	37680	ಕಡತ ವ್ಯವಸ್ಥಾಪನೆ	Pidgin – Tools – File transfers.	0	2014-09-27 10:20:28	2014-09-27 10:20:28
186	21	0	37453	ತುಂಬಿಸು	Open office – Oocalc – Edit – Fill. Automatically fills cells with content.	0	2014-09-27 10:20:26	2014-09-27 10:20:26
187	21	0	37454	ಸೋಸುಕ	Open office – Oocalc – Data – Filter. Shows commands to filter your data.	0	2014-09-27 10:20:26	2014-09-27 10:20:26
188	21	0	37455	ಹುಡುಕು	Gedit – Edit – Find. Find a particular phrase in a document	0	2014-09-27 10:20:26	2014-09-27 10:20:26
189	21	0	37878	ಹುಡುಕು ಮತ್ತು ಬದಲಿಸು	Open office – Edit – Find & replace. Searches for or replaces text or formats in the current document.	0	2014-09-27 10:20:30	2014-09-27 10:20:30
190	21	0	37681	ಇನ್ನೊಮ್ಮೆ ಹುಡುಕು	Firefox – Edit – Find again. Searches for the next occurrence of the text specified when using the Find in This Page… command.	0	2014-09-27 10:20:28	2014-09-27 10:20:28
191	21	0	37682	ಮುಂದೆ ಹುಡುಕು	Gedit – Search – Find next. Find the next word.	0	2014-09-27 10:20:28	2014-09-27 10:20:28
192	21	0	37683	ಈಗಲೆ ಹುಡುಕು	Evolution – Mail – Search – Find now.	0	2014-09-27 10:20:28	2014-09-27 10:20:28
193	21	0	37684	ಹಿಂದೆ ಹುಡುಕು	Gedit – Search – Find Previous. Find the Previous word.	0	2014-09-27 10:20:28	2014-09-27 10:20:28
194	21	0	37879	ಸಂದೇಶದಲ್ಲಿ ಹುಡುಕು	Evolution – Mail – Edit – Find in Message.	0	2014-09-27 10:20:30	2014-09-27 10:20:30
195	21	0	37880	ಈ ಪುಟದಲ್ಲಿ ಹುಡುಕು	Firefox – Edit – Find in this page. Displays the Find Toolbar at the bottom of the browser window. Enter the text you wish to find in the toolbar, and as you type Firefox will automatically find and select the first occurrence of the entered text on the page.	0	2014-09-27 10:20:30	2014-09-27 10:20:30
196	21	0	37881	ಫೈರ್ಫಾಕ್ಸ್ ಜಾಲ ವೀಕ್ಷಕ	Main menu – Internet – Firefox web browser. Opens the Firefox application	0	2014-09-27 10:20:30	2014-09-27 10:20:30
197	21	0	37456	ಹೊರಳಿಸು	Open office – Oowriter – Format – Flip. Flips the selected object horizontally, or vertically.	0	2014-09-27 10:20:26	2014-09-27 10:20:26
198	21	0	37685	ತೇಲುವ ಚೌಕಟ್ಟು	Open office – Oowriter - Insert – Floating Frame. Inserts a floating frame into the current document.	0	2014-09-27 10:20:28	2014-09-27 10:20:28
199	21	0	37457	ಕಡತಕೋಶ	Evolution – Mail – Folder. Contains the folder	0	2014-09-27 10:20:26	2014-09-27 10:20:26
200	21	0	37458	ಅಕ್ಷರಶೈಲಿಗಳು	Main menu – System - Preferences – Fonts. Opens the fonts folder.	0	2014-09-27 10:20:26	2014-09-27 10:20:26
201	21	0	37459	ಅಡಿಬರಹ	Open office – Oowriter – Insert – Footer. Inserting footer in a document.	0	2014-09-27 10:20:26	2014-09-27 10:20:26
202	21	0	37460	ಅಡಿಟಿಪ್ಪಣಿ	Open office – Oowriter – Insert – Footnotes. Inserting footnotes in a document.	0	2014-09-27 10:20:26	2014-09-27 10:20:26
203	21	0	37686	ದಾಟುಪದಗಳನ್ನು ಮರೆ	Evolution – File - Forget Passwords. Reset all the passwords which are remembered.	0	2014-09-27 10:20:28	2014-09-27 10:20:28
204	21	0	37461	ನಮೂನೆ	Open office -Oocalc – Format – Form. In this dialog you can specify, among others, the data source and the events for the whole form.	0	2014-09-27 10:20:26	2014-09-27 10:20:26
205	21	0	37462	ವಿನ್ಯಾಸ	Open office – Format. The Format menu contains commands for formatting selected cells and cell contents in your document.	0	2014-09-27 10:20:26	2014-09-27 10:20:26
206	21	0	37687	ವಿನ್ಯಾಸದ ಗುರುತು	Open office – Oowriter – Insert – Formatting mark. Opens a submenu to insert special formatting marks	0	2014-09-27 10:20:28	2014-09-27 10:20:28
207	21	0	37463	ಸೂತ್ರ	Open office – Oowriter - Insert - Object - Formula Inserts a formula into the current document	0	2014-09-27 10:20:26	2014-09-27 10:20:26
208	21	0	37688	ಸೂತ್ರ ಪಟ್ಟಿ	Open office – Oocalc – View – Formula bar. Shows or hides the Formula Bar, which is used for entering and editing formulas.	0	2014-09-27 10:20:28	2014-09-27 10:20:28
209	21	0	37464	ಮುಂದೆ ಕಳಿಸು	Evolution – Mail – Message – Forward. Forwarding a selected message to somebody.	0	2014-09-27 10:20:26	2014-09-27 10:20:26
210	21	0	37689	ಹೀಗೆಂದು ಮುಂದೆ ಕಳಿಸು	Evolution – Mail – Message – Forward As.	0	2014-09-27 10:20:28	2014-09-27 10:20:28
211	21	0	37690	ಸಂಪರ್ಕವಿಳಾಸವನ್ನು ಮುಂದೆ ಕಳಿಸು	Evolution – Contact – Action – Forward contact.	0	2014-09-27 10:20:28	2014-09-27 10:20:28
212	21	0	37465	ಚೌಕಟ್ಟು	Open office – Oowriter – Insert – Frame. Inserts a frame in a document.	0	2014-09-27 10:20:26	2014-09-27 10:20:26
213	21	0	37466	ಸ್ಥಗಿತಗೊಳಿಸು , ತಡೆಹಿಡಿ	Open office – Oocalc – Window – Freeze. Freezes the particular row or column.	0	2014-09-27 10:20:26	2014-09-27 10:20:26
214	21	0	37691	ಸಿದ್ಧಮಾದರಿಯಿಂದ	Open office – Oowriter – File – From template.	0	2014-09-27 10:20:28	2014-09-27 10:20:28
215	21	0	37467	ಪೂರ್ಣತೆರೆ	Firefox, Open office – View – Full screen. To view the application in full screen mode.	0	2014-09-27 10:20:26	2014-09-27 10:20:26
216	21	0	37468	ಕಾರ್ಯಭಾರ	Open office -Oocalc – Insert – Function. Opens the Function Wizard, which helps you to interactively create formulas.	0	2014-09-27 10:20:26	2014-09-27 10:20:26
217	21	0	37692	ಕಾರ್ಯಭಾರ ಪಟ್ಟಿ	Open office – Oocalc – Insert – Function list.	0	2014-09-27 10:20:28	2014-09-27 10:20:28
218	21	0	37469	ಸಂಗ್ರಹ	Open office -Oocalc – Tools – Gallery. Opens the Gallery, where you can select graphics and sounds to insert into your document.	0	2014-09-27 10:20:26	2014-09-27 10:20:26
219	21	0	37882	ಬಳಕೆದಾರ ಮಾಹಿತಿಯನ್ನು ಪಡೆದುಕೊ	Pidgin – Buddies – Get user info.	0	2014-09-27 10:20:31	2014-09-27 10:20:31
220	21	0	37693	ಸ್ಥಿರ ಬಿಂದುಗಳು	Open office – Ooimpress – View – Toolbar – Glue points. Shows the Glue point toolbar.	0	2014-09-27 10:20:28	2014-09-27 10:20:28
221	21	0	37694	ಸಾಲಿಗೆ ಹೋಗು	Evolution – Mail – Message – Go To. Goes through the messeges.	0	2014-09-27 10:20:28	2014-09-27 10:20:28
222	21	0	37883	ಸಾಲಿಗೆ ಹೋಗು	Gedit – Search – Go to Line. Goes to the particular line.	0	2014-09-27 10:20:31	2014-09-27 10:20:31
223	21	0	37695	ಗುರಿಯ ಹುಡುಕಾಟ	Open office – Oocalc – Tools – Goal seek. Opens a dialog where you can solve an equation with a variable.	0	2014-09-27 10:20:28	2014-09-27 10:20:28
224	21	0	37470	ಚಿತ್ರ ಸಂಬಂಧಿ	Main menu – Graphics. Contains graphics application.	0	2014-09-27 10:20:26	2014-09-27 10:20:26
225	21	0	37471	ಹೆಣಿಗೆ	Open office – Ooimpress – View – Grid. Sets the display properties of a grid.	0	2014-09-27 10:20:26	2014-09-27 10:20:26
226	21	0	37472	ಗುಂಪು	Open office – Oowriter – Format – Group. Groups keep together selected objects, so that they can be moved or formatted as a single object.	0	2014-09-27 10:20:26	2014-09-27 10:20:26
227	21	0	37884	ಎಳೆಗಳ ಅನುಸಾರವಾಗಿ ಗುಂಪುಗೂಡಿಸು	Evolution – Mail – View – Group By Threads.	0	2014-09-27 10:20:31	2014-09-27 10:20:31
228	21	0	37885	ಜಿ ಥಂಬ್ ಚಿತ್ರ ವೀಕ್ಷಕ	Main menu – Graphics – Gthumb image viewer. Opens Gthumb application.	0	2014-09-27 10:20:31	2014-09-27 10:20:31
229	21	0	37473	ಮಾರ್ಗದರ್ಶಿಗಳು	Open office – Oowriter – View – Guides. Specifies the display options for guides.	0	2014-09-27 10:20:26	2014-09-27 10:20:26
230	21	0	37696	ಕರಪತ್ರ ಪುಟ	Open office – Ooimpress – View – Handout page. View the slides as handout page.	0	2014-09-27 10:20:28	2014-09-27 10:20:28
231	21	0	37474	ತಲೆಬರಹ	Open office – Oowriter – Insert – Header. Inserting header in a document.	0	2014-09-27 10:20:26	2014-09-27 10:20:26
232	21	0	37886	ತಲೆಬರಹಗಳು ಮತ್ತು ಅಡಿಬರಹಗಳು	Open office – Edit – Headers & Footers. Edits the inserted headers and footers	0	2014-09-27 10:20:31	2014-09-27 10:20:31
233	21	0	37475	ನೆರವು	It is the help menu for most of the application.	0	2014-09-27 10:20:26	2014-09-27 10:20:26
234	21	0	37697	ನೆರವಿನ ಒಳಪಿಡಿ	Firefox – Help – Help contents. Shows the help of the application.	0	2014-09-27 10:20:28	2014-09-27 10:20:28
235	21	0	37476	ನೆನಪಿನೊಡನೆ ಮುಚ್ಚು	Gdm – Hibernate. Hibernate the system.	0	2014-09-27 10:20:26	2014-09-27 10:20:26
236	21	0	37698	ಅಡಗಿಸಿದ ಕಂಡಿಕೆಗಳು	Open office – oowriter – View - Hidden Paragraphs. To view the paragraphs which are hidden.	0	2014-09-27 10:20:28	2014-09-27 10:20:28
237	21	0	37887	ಅಳಿಸಿದ ಸಂದೇಶಗಳನ್ನು ಅಡಗಿಸು	Evolution – Mail – View - Hide Deleted Messages	0	2014-09-27 10:20:31	2014-09-27 10:20:31
238	21	0	37888	ಓದಿದ ಸಂದೇಶಗಳನ್ನು ಅಡಗಿಸು	Evolution – Mail – View - Hide Read Messages	0	2014-09-27 10:20:31	2014-09-27 10:20:31
239	21	0	37889	ಆಯ್ದ ಸಂದೇಶಗಳನ್ನು ಅಡಗಿಸು	Evolution – Mail – View - Hide Selected Messages	0	2014-09-27 10:20:31	2014-09-27 10:20:31
240	21	0	37699	ಬೆಳಗಿಸುವ ಸ್ಥಿತಿ	Gedit – View – Highlight mode.	0	2014-09-27 10:20:28	2014-09-27 10:20:28
241	21	0	37477	ಇತಿಹಾಸ	Firefox – History. The History menu contains a list of the most recently visited web sites and closed tabs.	0	2014-09-27 10:20:26	2014-09-27 10:20:26
242	21	0	37478	ಮುಖಪುಟ	Firefox – History – Home. Displays your home page.	0	2014-09-27 10:20:26	2014-09-27 10:20:26
243	21	0	37700	ನೆಲೆ ಕಡತಕೋಶ	Main menu – Place – Home folder. Opens the Home folder in nautilus	0	2014-09-27 10:20:28	2014-09-27 10:20:28
244	21	0	37701	ಅಡ್ಡ ಗೆರೆಪಟ್ಟಿ	Open office – Oowriter – View Horizontal ruler.	0	2014-09-27 10:20:28	2014-09-27 10:20:28
245	21	0	37479	ಸಂಪರ್ಕಕೊಂಡಿ	Open office – Insert – Hyperlink. Inserts a hyperlink in a document.	0	2014-09-27 10:20:26	2014-09-27 10:20:26
246	21	0	37893	IP ಟೆಲಿಫೋನಿ, VoIP ಹಾಗು ವೀಡಿಯೊ ಸಮ್ಮೇಳನ	Main menu – Internet - IP Telephony, VoIP and Video Conferencing. Opens the ekiga application .	0	2014-09-27 10:20:31	2014-09-27 10:20:31
247	21	0	37480	ಚಿತ್ರನಕ್ಷೆ	open office – oowriter – Edit – Image map. Allows you to attach URLs to specific areas, called hotspots, on a graphic or a group of graphics. An image map is a group of one or more hotspots	0	2014-09-27 10:20:26	2014-09-27 10:20:26
248	21	0	37481	ಆಮದು	Evolution – File – Import. Imports something like files to the application.	0	2014-09-27 10:20:26	2014-09-27 10:20:26
249	21	0	37482	ಒಳಪೆಟ್ಟಿಗೆ	Evolution – Mail – Inbox. Incoming mails are saved in this folder.	0	2014-09-27 10:20:26	2014-09-27 10:20:26
250	21	0	37702	ಸೂಚಿ ನಮೂದು	open office – oowriter – Insert – Index entry. Inserts an index or a table of contents at the current cursor position.	0	2014-09-27 10:20:28	2014-09-27 10:20:28
251	21	0	37890	ಸೂಚಿಗಳು ಹಾಗು ಕೋಷ್ಟಕಗಳು	Open office – Oowriter – Insert – Indexes and tables. Marks the selected text as index or table of contents entry.	0	2014-09-27 10:20:31	2014-09-27 10:20:31
252	21	0	37483	ಊಡಿಕೆ ವಿಧಾನ	Main menu – System – Preferences – Input method. Configures the input method.	0	2014-09-27 10:20:26	2014-09-27 10:20:26
253	21	0	37891	ಊಡಿಕೆ ವಿಧಾನದ ಸ್ಥಿತಿ	Open office – Oowriter – View – Input method status. Shows or hides the Input Method Engine (IME) status window.	0	2014-09-27 10:20:31	2014-09-27 10:20:31
254	21	0	37484	ಸೇರಿಸು/ಅಳವಡಿಸು	Open office – Insert. This is the menu which you can insert some thing you need in a document.	0	2014-09-27 10:20:26	2014-09-27 10:20:26
255	21	0	37892	ದಿನಾಂಕ ಹಾಗು ಸಮಯವನ್ನು ಸೇರಿಸು	Gedit – Edit - Insert Date and Time	0	2014-09-27 10:20:31	2014-09-27 10:20:31
256	21	0	37485	ಪ್ರತಿಸ್ಪಂದನೆ	Open office – Ooimpress – Slide show – Interaction. Defines how the selected object behaves when you click on it during a slide show.	0	2014-09-27 10:20:26	2014-09-27 10:20:26
257	21	0	37703	ಸಂವಾದಾತ್ಮಕ ಹುಡುಕಾಟ	Gedit – Search – Interactive search.	0	2014-09-27 10:20:28	2014-09-27 10:20:28
258	21	0	37486	ಅಂತರಜಾಲ	Main Menu – Internet. Contains Internet related applications.	0	2014-09-27 10:20:26	2014-09-27 10:20:26
259	21	0	37704	ಅಂತರಜಾಲ ಸಂದೇಶಕ	Main menu – Internet – Internet messenger. Opens the Internet messenger application.	0	2014-09-27 10:20:28	2014-09-27 10:20:28
260	21	0	37705	ಜಾವಾಸ್ಕ್ರಿಪ್ಟ್‍ ಆದೇಶತೆರೆ	This is a firefox addon.	0	2014-09-27 10:20:28	2014-09-27 10:20:28
261	21	0	37487	ಕಸ	Evolution – Mail – Message – Mark as – Junk.	0	2014-09-27 10:20:26	2014-09-27 10:20:26
262	21	0	37706	ಹೊಂದಿಸಿಡು	Right click on the desktop – Keep Aligned. This 'll arrange the icons aligned.	0	2014-09-27 10:20:28	2014-09-27 10:20:28
263	21	0	37488	ಕೀಲಿಮಣೆ	Main menu - System – Preference – Keyboard. It is all about Keyboard setting.	0	2014-09-27 10:20:26	2014-09-27 10:20:26
264	21	0	37707	ಕೀಲಿಮಣೆ-ಸುಲಭ ಆಯ್ಕೆಗಳು	Menu – System – Preference. Keyboard shortcuts.	0	2014-09-27 10:20:28	2014-09-27 10:20:28
265	21	0	37708	ಕೀಲಿಗೊಂಚಲು ವ್ಯವಸ್ಥಾಪಕ	Main menu – Accessories – Keyring manager. Manages the password for your system.	0	2014-09-27 10:20:28	2014-09-27 10:20:28
266	21	0	37489	ಭಾಷೆ	Main menu - System – Administration – Language. It is all about Language setting.	0	2014-09-27 10:20:26	2014-09-27 10:20:26
267	21	0	37709	ಕೊನೆಯ ಅಧಿವೇಶನ	Gdm – Last session. Restores the last session.	0	2014-09-27 10:20:29	2014-09-27 10:20:29
268	21	0	37490	ಪ್ರಾರಂಭಿಸು	Gdm – launch.	0	2014-09-27 10:20:26	2014-09-27 10:20:26
269	21	0	37491	ವಿನ್ಯಾಸ	Evolution – View – Layout.	0	2014-09-27 10:20:26	2014-09-27 10:20:26
270	21	0	37492	ಸಾಲು, ಗೆರೆ	Open office – Ooimpress – Format – Line. Set the formatting options for the selected line or the line that you want to draw.	0	2014-09-27 10:20:26	2014-09-27 10:20:26
271	21	0	37710	ಸಾಲು ಸಂಖ್ಯೆ ನೀಡಿಕೆ	open office – oowriter – Tools – Line Numbering. Adds or removes and formats line numbers in the current document.	0	2014-09-27 10:20:29	2014-09-27 10:20:29
272	21	0	37894	ಬಾಹ್ಯ ದತ್ತಾಂಶಕ್ಕೆ ಸಂಪರ್ಕಕೊಂಡಿ	Open office – Oocalc – Insert – Link to External Data.	0	2014-09-27 10:20:31	2014-09-27 10:20:31
273	21	0	37493	ಕೊಂಡಿಗಳು	Open office – Edit – Links. Lets you edit the properties of each link in the current document, including the path to the source file.	0	2014-09-27 10:20:26	2014-09-27 10:20:26
274	21	0	37494	ಪಟ್ಟಿ	Evolution – Calendar - View – List.	0	2014-09-27 10:20:26	2014-09-27 10:20:26
275	21	0	37711	ಪಟ್ಟಿ ನೋಟ	Evolution – Calendar – View – Current View – List View.	0	2014-09-27 10:20:29	2014-09-27 10:20:29
276	21	0	37712	ಚಿತ್ರಗಳನ್ನು ತುಂಬು	Evolution – Mail – View – Load images.	0	2014-09-27 10:20:29	2014-09-27 10:20:29
277	21	0	37895	ಪಟ್ಟಿಗೆ ಬಂಧಿಸು	Right click on the item on the Panel – Lock to panel. Locks the items to the panel	0	2014-09-27 10:20:31	2014-09-27 10:20:31
278	21	0	37896	ನಿರ್ವಾಹಕನಿಂದ ಹೊರನಡೆ	Main menu - Log Out root. Logout from root login.	0	2014-09-27 10:20:31	2014-09-27 10:20:31
279	21	0	37897	ಸ್ಥಳಾವಕಾಶದ ತಾರ್ಕಿಕ ನಿರ್ವಹಣೆ	Main menu – System – Administration - Logical Volume Management. Configures the logical volume management.	0	2014-09-27 10:20:31	2014-09-27 10:20:31
280	21	0	37713	ಪ್ರವೇಶ ತೆರೆ	Main menu – System - Preferences – Login screen. Settings of login screen.	0	2014-09-27 10:20:29	2014-09-27 10:20:29
281	21	0	37495	ಮ್ಯಾಕ್ರೋ ಅನ್ವಯ	Open office – Tools – Macros. Lets you record or organize and edit macros.	0	2014-09-27 10:20:26	2014-09-27 10:20:26
282	21	0	37898	ಅಂಚೆ ವಿಲೀನ ಪರಿಣತ	Open office -oowriter – Tools - Mail Merge Wizard.	0	2014-09-27 10:20:31	2014-09-27 10:20:31
283	21	0	37714	ವಿಳಾಸ ಪಟ್ಟಿ	Evolution – mail – Messages - Mailing List.	0	2014-09-27 10:20:29	2014-09-27 10:20:29
284	21	0	37715	ಕೊಂಡಿಗಳನ್ನು ರಚಿಸು	Nautilus – Edit – Make links. Make a shortcut of a selected file or folder.	0	2014-09-27 10:20:29	2014-09-27 10:20:29
285	21	0	37716	ಪುಟಗುರುತುಗಳನ್ನು ವ್ಯವಸ್ಥಾಪಿಸು	Firefox – Bookmark – Manage Bookmarks. Displays the Library, a window where you can modify your bookmarks. You can sort, rename and change the properties for your bookmarks as well as add, remove, and move them.	0	2014-09-27 10:20:29	2014-09-27 10:20:29
286	21	0	37717	ಕೈಯಾರೆ ತಡೆ	Open office – Oowriter – Insert – Manual break. Inserts a manual page break in the document.	0	2014-09-27 10:20:29	2014-09-27 10:20:29
287	21	0	37899	ಎಲ್ಲ ಸಂದೇಶಗಳನ್ನು ಓದಲಾಗಿದೆ ಎಂದು ಗುರುತಿಸು	Evolution – Mail – Folder - Mark All Message as Read	0	2014-09-27 10:20:31	2014-09-27 10:20:31
288	21	0	37718	ಹೀಗೆ ಗುರುತುಹಾಕು	Evolution – Mail – Messages – Mark as.	0	2014-09-27 10:20:29	2014-09-27 10:20:29
289	21	0	37496	ಪ್ರಧಾನ	Open office – Ooimpress – view – Master. Whether to view the master slide or notes slide.	0	2014-09-27 10:20:26	2014-09-27 10:20:26
290	21	0	37719	ಮಾಧ್ಯಮ ಚಾಲಕ	Open office – Oowriter – Tools – media player - Opens the Media Player window where you can preview movie and sound files as well as insert these files into the current document.	0	2014-09-27 10:20:29	2014-09-27 10:20:29
291	21	0	37720	ಪರಿವಿಡಿ ವಿನ್ಯಾಸ	Main menu – System - Preferences – Menu layout.	0	2014-09-27 10:20:29	2014-09-27 10:20:29
292	21	0	37900	ಪರಿವಿಡಿಗಳು ಹಾಗು ಉಪಕರಣಪಟ್ಟಿಗಳು	Main menu – System – Preferences - Menus & Toolbars.	0	2014-09-27 10:20:31	2014-09-27 10:20:31
293	21	0	37721	ಕೋಶಗಳನ್ನು ಒಂದಾಗಿಸು	Open office – Oocalc- Format – Merge cells. Combines the selected cells into a single cell or splits merged cells.	0	2014-09-27 10:20:29	2014-09-27 10:20:29
294	21	0	37722	ಕೋಷ್ಟಕಗಳನ್ನು ಒಂದಾಗಿಸು	Open office – Oowriter – Table – Merge Table. Combines the selected table into one.	0	2014-09-27 10:20:29	2014-09-27 10:20:29
295	21	0	37497	ಸಂದೇಶ	Evolution – Mail - Message. This menu contains message related sub menus	0	2014-09-27 10:20:26	2014-09-27 10:20:26
296	21	0	37723	ಸಂದೇಶ ಸೋಸುಕಗಳು	Evolution – Mail – Edit – Message Filters.	0	2014-09-27 10:20:29	2014-09-27 10:20:29
297	21	0	37724	ಸಂದೇಶದ ಆಕರ	Evolution – Mail – View – Message source. Shows the message source.	0	2014-09-27 10:20:29	2014-09-27 10:20:29
298	21	0	37498	ತಿಂಗಳು	Evolution – Calendar - View – Month.	0	2014-09-27 10:20:26	2014-09-27 10:20:26
299	21	0	37725	ತಿಂಗಳ ನೋಟ	Evolution – Calender – View – current - Month view.	0	2014-09-27 10:20:29	2014-09-27 10:20:29
300	21	0	37726	ಇನ್ನಷ್ಟು ಆದ್ಯತೆಗಳು	Main menu – System – Preferences – More preferences.	0	2014-09-27 10:20:29	2014-09-27 10:20:29
301	21	0	37499	ಮೌಸ್‌	Main menu - System – Preference – Mouse. It is all about mouse setting.	0	2014-09-27 10:20:26	2014-09-27 10:20:26
302	21	0	37500	ಜರುಗಿಸು	Right click on item in the panel and you can move them across the panel.	0	2014-09-27 10:20:26	2014-09-27 10:20:26
303	21	0	37901	ಎಲ್ಲಾ ಸಂಪರ್ಕವಿಳಾಸಗಳನ್ನು ಇಲ್ಲಿಗೆ ಸ್ಥಳಾಂತರಿಸು	Evolution – Contacts – Actions- Move All Contact to. Moves all the contacts to specified place.	0	2014-09-27 10:20:31	2014-09-27 10:20:31
304	21	0	37902	ಸಂಪರ್ಕವಿಳಾಸವನ್ನು ಇಲ್ಲಿಗೆ ಸ್ಥಳಾಂತರಿಸು	Evolution – Contacts – Actions- Move Contact to. Moves the selected contacts to specified place.	0	2014-09-27 10:20:31	2014-09-27 10:20:31
305	21	0	37903	ಕಡತಕೋಶವನ್ನು ಇಲ್ಲಿಗೆ ಸ್ಥಳಾಂತರಿಸು...	Evolution – Mail – Folder - Move Folder to. Moves the selected folder to specified place.	0	2014-09-27 10:20:31	2014-09-27 10:20:31
306	21	0	37904	ಪುಟವನ್ನು ಎಡಕ್ಕೆ ಸ್ಥಳಾಂತರಿಸು	Terminal – Tabs - Move tab to the Left.	0	2014-09-27 10:20:31	2014-09-27 10:20:31
307	21	0	37905	ಪುಟವನ್ನು ಬಲಕ್ಕೆ ಸ್ಥಳಾಂತರಿಸು	Terminal – Tabs - Move tab to the Right.	0	2014-09-27 10:20:31	2014-09-27 10:20:31
308	21	0	37906	ಕಡತಕೋಶಕ್ಕೆ ಸ್ಥಳಾಂತರಿಸು	Evolution – Mail – Message - Move to Folder	0	2014-09-27 10:20:31	2014-09-27 10:20:31
309	21	0	37907	ಹೊಸ ಕಿಟಕಿಗೆ ಸ್ಥಳಾಂತರಿಸು	Gedit – Document - Move to New Window. Move the current document to new window.	0	2014-09-27 10:20:31	2014-09-27 10:20:31
310	21	0	37908	ಕಸದ ಬುಟ್ಟಿಗೆ ಸ್ಥಳಾಂತರಿಸು	Nautilus – Edit - Move to Trash. Move the selected item to the trash.	0	2014-09-27 10:20:31	2014-09-27 10:20:31
311	21	0	37909	ಚಲನಚಿತ್ರ ಮತ್ತು ಧ್ವನಿ	Open office – Insert - Movie and Sound. Inserts a video or sound file into your document.	0	2014-09-27 10:20:31	2014-09-27 10:20:31
312	21	0	37910	ಬಹುಮಾಧ್ಯಮ ವ್ಯವಸ್ಥೆಯ ಆಯ್ಕೆಗಾರ	Main Menu – System - Preferences – Multimedia System Selector.	0	2014-09-27 10:20:31	2014-09-27 10:20:31
313	21	0	37727	ಹಲವು ಕಾರ್ಯಾಚರಣೆಗಳು	open office – Oocalc - Data – Multiple operations. Applies the same formula to different cells, but with different parameter values.	0	2014-09-27 10:20:29	2014-09-27 10:20:29
314	21	0	37728	ಶಬ್ದಗಳನ್ನು ಮೂಕವಾಗಿಸು	Pidgin – Tools – Mute sounds. Mutes the alert sounds.	0	2014-09-27 10:20:29	2014-09-27 10:20:29
315	21	0	37501	ಹೆಸರುಗಳು	Open office –OO calc - Insert – Names. Allows you to name the different sections of your spreadsheet document.	0	2014-09-27 10:20:26	2014-09-27 10:20:26
316	21	0	37502	ಪಥ ನಿರ್ದೇಶಕ	Open office – View – Navigator – To hide or show the Navigator.	0	2014-09-27 10:20:26	2014-09-27 10:20:26
317	21	0	37503	ಜಾಲಬಂಧ	Nautilus – Go – Network. Goes to Network folder.	0	2014-09-27 10:20:26	2014-09-27 10:20:26
318	21	0	37729	ಬದಲಿ ಜಾಲಬಂಧ	Main menu – system – Preferences – Network proxy. Configures the network proxy.	0	2014-09-27 10:20:29	2014-09-27 10:20:29
319	21	0	37730	ಜಾಲಬಂಧ ಪೂರೈಕೆಗಣಕ	Main menu – system – Preferences – Network Servers. Configures the network Servers.	0	2014-09-27 10:20:29	2014-09-27 10:20:29
320	21	0	37504	ಹೊಸ	Openoffice – File – New. Opens a new document.	0	2014-09-27 10:20:26	2014-09-27 10:20:26
321	21	0	37911	ಹೊಸ ದಿಢೀರ್ ಸಂದೇಶ	Pidgin – Buddies - New Instant Message. Send a new instant message to buddies.	0	2014-09-27 10:20:31	2014-09-27 10:20:31
322	21	0	37731	ಹೊಸ ಸಂದೇಶ	Evolution – Mail – File – New message.	0	2014-09-27 10:20:29	2014-09-27 10:20:29
323	21	0	37732	ಹೊಸ ಪಟ್ಟಿ	Right click on the panel and you can add a new panel.	0	2014-09-27 10:20:29	2014-09-27 10:20:29
324	21	0	37733	ಹೊಸ ಪರಿಚೆ?	Terminal – File – New Profile. Assigns a new profile	0	2014-09-27 10:20:29	2014-09-27 10:20:29
325	21	0	37734	ಹೊಸ ಪುಟ	Firefox – File – New Tab. Opens a new browser tab in the current Firefox window.	0	2014-09-27 10:20:29	2014-09-27 10:20:29
326	21	0	37735	ಹೊಸ ಕಿಟಕಿ	Open office – Window – New window. Opens a new window of the same document.	0	2014-09-27 10:20:29	2014-09-27 10:20:29
327	21	0	37505	ಮುಂದಿನ	Evolution – Message – Go – Next. Goes to the Next message.	0	2014-09-27 10:20:26	2014-09-27 10:20:26
328	21	0	37736	ಮುಂದಿನ ದಸ್ತಾವೇಜು	Gedit – Document – Next Document. Go to the next document.	0	2014-09-27 10:20:29	2014-09-27 10:20:29
329	21	0	37737	ಮುಂದಿನ ಪುಟ	Terminal – Tab - Next Tab. Go to the next tab.	0	2014-09-27 10:20:29	2014-09-27 10:20:29
330	21	0	37738	ಮುದ್ರಣವಾಗದ ಚಿಹ್ನೆಗಳು	Open office – oowriter – View - View - Nonprinting Characters. Shows nonprinting characters in your text, such as paragraph marks, line breaks, tab stops, and spaces.	0	2014-09-27 10:20:29	2014-09-27 10:20:29
331	21	0	37506	ಸಾಮಾನ್ಯ	Open office – View – Normal. Views the document in normal mode	0	2014-09-27 10:20:26	2014-09-27 10:20:26
332	21	0	37739	ಸಾಮಾನ್ಯ ಗಾತ್ರ	Terminal – View - Normal Size. Shows the terminal in normal size.	0	2014-09-27 10:20:29	2014-09-27 10:20:29
333	21	0	37507	ಟಿಪ್ಪಣಿ	Open office – Insert – Note. Inserts a note to a document.	0	2014-09-27 10:20:26	2014-09-27 10:20:26
334	21	0	37740	ಟಿಪ್ಪಣಿಗಳ ಪುಟ	Open office – Ooimpress – View – Notes Page. Shows in notes page.	0	2014-09-27 10:20:29	2014-09-27 10:20:29
335	21	0	37741	ಸಂಖ್ಯಾ ವಿನ್ಯಾಸ	Open office -Oowriter- Table – Number format. Open a dialog where you can specifiy the format of numbers in the table.	0	2014-09-27 10:20:29	2014-09-27 10:20:29
336	21	0	37508	ವಸ್ತು	Open office – Insert – Object. Inserts an object to a document.	0	2014-09-27 10:20:26	2014-09-27 10:20:26
337	21	0	37509	ಕಛೇರಿ	Main Menu – Office. It contain Office suite application	0	2014-09-27 10:20:26	2014-09-27 10:20:26
338	21	0	37912	ಈ ಗಣಕದಲ್ಲಿ	Evolution – Mail – On this computer.	0	2014-09-27 10:20:31	2014-09-27 10:20:31
339	21	0	37742	ಅಂತರಜಾಲ ನೆರವು	Pidgin – Help – Online help. Provide online help.	0	2014-09-27 10:20:29	2014-09-27 10:20:29
340	21	0	37510	ತೆರೆ	Open office – File – Open. Opens a file.	0	2014-09-27 10:20:26	2014-09-27 10:20:26
341	21	0	37913	ಈಗಿರುವ ಮಂಡನೆಯನ್ನು ತೆರೆ	Open office – Ooimpress – First screen - Open existing presentation. Opens the existing presentation.	0	2014-09-27 10:20:31	2014-09-27 10:20:31
342	21	0	37743	ಕಡತವನ್ನು ತೆರೆ	Firefox – File – Open file. Displays an Open File dialog where you can select a file from your local disks or network.	0	2014-09-27 10:20:29	2014-09-27 10:20:29
343	21	0	37744	ಸ್ಥಳವನ್ನು ತೆರೆ	Firefox – File – Open location. Focuses on the Firefox URL bar so you can type in a new location to visit.	0	2014-09-27 10:20:29	2014-09-27 10:20:29
344	21	0	37745	ಮೇಲಿನ ಕಡತಕೋಶವನ್ನು ತೆರೆ	Nautilus – Go – open Parent. Up to one level in the folder	0	2014-09-27 10:20:29	2014-09-27 10:20:29
345	21	0	37746	ಹಾಳೆಯನ್ನು ತೆರೆ	Terminal – File – Open Tab. Opens a new tab.	0	2014-09-27 10:20:29	2014-09-27 10:20:29
346	21	0	37747	ಆದೇಶತೆರೆಯನ್ನು ತೆರೆ	Nautilus – File – Open terminal. Open the current location on the terminal.	0	2014-09-27 10:20:29	2014-09-27 10:20:29
347	21	0	37914	ಹೊಸ ಕಿಟಕಿಯಲ್ಲಿ ತೆರೆ	Evolution – Mail – Message - Open in New Window. Open the message in new window.	0	2014-09-27 10:20:31	2014-09-27 10:20:31
348	21	0	37915	ಆದೇಶತೆರೆಯಲ್ಲಿ ತೆರೆ	Nautilus – File - Open in Terminal. Open the current location on Terminal.	0	2014-09-27 10:20:31	2014-09-27 10:20:31
349	21	0	37511	ಆಯ್ಕೆಗಳು	Open office – Tools – Options. Opens a dialog where you can find options to configure the settings	0	2014-09-27 10:20:26	2014-09-27 10:20:26
350	21	0	37512	ಹೊರಪೆಟ್ಟಿಗೆ	Evolution – Mail – Outbox. Outgoing mails are saved in this folder.	0	2014-09-27 10:20:26	2014-09-27 10:20:26
351	21	0	37513	ಹೊರಗೆರೆ	Open office -Oocalc – Data – Outline. You can create an outline of your data.	0	2014-09-27 10:20:26	2014-09-27 10:20:26
352	21	0	37748	ಹೊರವಿನ್ಯಾಸ ಸಂಖ್ಯೆಗಳು	Open office -oowriter – Tools - Outline Numbering. You can modify the heading hierarchy or assign a level in the hierarchy to a custom paragraph style.	0	2014-09-27 10:20:29	2014-09-27 10:20:29
353	21	0	37749	ತಂತ್ರಾಂಶ ಕಟ್ಟುಗಳ ವ್ಯವಸ್ಥಾಪಕ	Main menu – System tools – Package manager.	0	2014-09-27 10:20:29	2014-09-27 10:20:29
354	21	0	37514	ಪುಟ	Open office – Oowriter - Format – Page. Allows you to define page layouts for single and multiple-page documents, as well as a numbering and paper formats.	0	2014-09-27 10:20:26	2014-09-27 10:20:26
355	21	0	37916	ಪುಟ ಮುಕ್ತಾಯದ ಮುನ್ನೋಟ	Open office – View – Page break preview. Display the page breaks and print ranges in the sheet.	0	2014-09-27 10:20:31	2014-09-27 10:20:31
356	21	0	37750	ಪುಟ ಮಾಹಿತಿ	Firefox – Tools – Page Info. Displays extensive information about the current web page, such as the document type, encoding, size, and security information.	0	2014-09-27 10:20:29	2014-09-27 10:20:29
357	21	0	37751	ಪುಟ ಸಂಖ್ಯೆ	Open office – oowriter – Insert – Page name. Inserts the page number in the doucment.	0	2014-09-27 10:20:29	2014-09-27 10:20:29
358	21	0	37752	ಪುಟ ಮುನ್ನೋಟ	Open office – File – Page preview. Displays a preview of the printed page or closes the preview.	0	2014-09-27 10:20:29	2014-09-27 10:20:29
359	21	0	37753	ಪುಟ ಸಿದ್ಧತೆ	Firefox – File – Page setup. Displays a Page Setup dialog where you can specify printing settings such as margins, headers and footers, and page orientation.	0	2014-09-27 10:20:29	2014-09-27 10:20:29
360	21	0	37754	ಪುಟದ ಆಕರ	Firefox – View – Page source. Displays the source code for the current document.	0	2014-09-27 10:20:29	2014-09-27 10:20:29
361	21	0	37755	ಪುಟದ ಶೈಲಿ	Firefox – View – Page style. Allows you to select a style for the current web page. By default, Basic Page Style is selected unless the author specifies a different default.	0	2014-09-27 10:20:29	2014-09-27 10:20:29
362	21	0	37756	ಪಾಮ್ಓಎಸ್(PalmOS) ಸಾಧನಗಳು	Main menu - System – preference – PalmOS Devices.	0	2014-09-27 10:20:29	2014-09-27 10:20:29
363	21	0	37515	ವಾಕ್ಯವೃಂದ	Open office – oowriter - Format – Paragraph. Modifies the format of the current paragraph, such as indents and alignment.	0	2014-09-27 10:20:26	2014-09-27 10:20:26
364	21	0	37516	ದಾಟುಪದ	Gdm – Password. Enter your password to login to your system.	0	2014-09-27 10:20:26	2014-09-27 10:20:26
365	21	0	37517	ಅಂಟಿಸು	Open office, Firefox, Gedit... – Edit – Paste. Inserts the contents of the clipboard at the location of the cursor, and replaces any selected text or objects.	0	2014-09-27 10:20:26	2014-09-27 10:20:26
366	21	0	37757	ವಿಶೇಷ ರೀತಿ ಅಂಟಿಸು	Open office – Edit – Paste Special. Inserts the contents of the clipboard into the current file in a format that you can specify.	0	2014-09-27 10:20:29	2014-09-27 10:20:29
367	21	0	37518	ಅನುಮತಿಗಳು	Evolution – File – Permissions. Selecting folder permissions on calendars, tasks, and contact folders.	0	2014-09-27 10:20:26	2014-09-27 10:20:26
368	21	0	37519	ವೈಯಕ್ತಿಕ	Evolution – Calendar – On this computer – Personal.	0	2014-09-27 10:20:26	2014-09-27 10:20:26
369	21	0	37917	ವೈಯಕ್ತಿಕ ಕಡತ ವಿನಿಮಯ	Main Menu – System - Preferences – Personal File Sharing. Configures the personal file sharing.	0	2014-09-27 10:20:31	2014-09-27 10:20:31
370	21	0	37918	ವೈಯಕ್ತಿಕ ಉಪಕರಣಪಟ್ಟಿ ಕಡತಕೋಶ	Firefox – Bookmark - Manage Bookmarks - Personal Toolbar Folder. When you add a bookmark in your personal toolbar folder, that site title and icon will appear in the personal toolbar under the address bar.	0	2014-09-27 10:20:31	2014-09-27 10:20:31
371	21	0	37758	ದೂರವಾಣಿ ಸಂಖ್ಯೆಗಳ ಪಟ್ಟಿ	Evolution – New – Phone list.	0	2014-09-27 10:20:29	2014-09-27 10:20:29
372	21	0	37520	ಚಿತ್ರ	Open office – Insert – Picture. Inserts picture from a file.	0	2014-09-27 10:20:26	2014-09-27 10:20:26
373	21	0	37521	ಸ್ಥಳಗಳು	Main menu – System – Places.	0	2014-09-27 10:20:26	2014-09-27 10:20:26
374	21	0	37919	ನಿಮ್ಮ ಹೆಸರನ್ನು ಇಲ್ಲಿ ನಮೂದಿಸಿ	Gdm - Please enter your user name. Here you have to enter your user name to enter into the login to your system.	0	2014-09-27 10:20:31	2014-09-27 10:20:31
375	21	0	37522	ಪ್ಲಗ್-ಇನ್	Open office – Oowriter – Insert – Object – Plug-in. Inserts a plug-in into the current document. A plug-in is a software component that extends the capabilities of a web browser.	0	2014-09-27 10:20:26	2014-09-27 10:20:26
376	21	0	37523	ಚುಕ್ಕೆಗಳು	Open office – Oowriter – Format – Graphics – Points. Switches Edit Points mode for an inserted freeform line on and off.	0	2014-09-27 10:20:26	2014-09-27 10:20:26
377	21	0	37920	ಸ್ಥಾನ ಮತ್ತು ಗಾತ್ರ	Open office -oowriter – Format – Position and Size. Resizes or moves the selected object.	0	2014-09-27 10:20:31	2014-09-27 10:20:31
378	21	0	37922	ಹೊಸ ಸಂದೇಶವನ್ನು ಕಡತಕೋಶಕ್ಕೆ ಕಳುಹಿಸು	Evolution – Mail – message - Post New Message to Folder	0	2014-09-27 10:20:31	2014-09-27 10:20:31
379	21	0	37921	ಉತ್ತರವನ್ನು ಕಳುಹಿಸು	Evolution – Mail – message - Post a Reply	0	2014-09-27 10:20:31	2014-09-27 10:20:31
380	21	0	37759	ವಿದ್ಯುಚ್ಛಕ್ತಿ ನಿರ್ವಹಣೆ	Main menu - System – preference – Power management. Configures the power management.	0	2014-09-27 10:20:29	2014-09-27 10:20:29
381	21	0	37524	ಆದ್ಯತೆಗಳು	Main menu – System – Preferences. Contain some configuration/setting related things.	0	2014-09-27 10:20:26	2014-09-27 10:20:26
382	21	0	37760	ಆಯ್ಕೆಯ ಅನ್ವಯಗಳು	Main menu - System – preference – Preferred Application. Configures the preferred applications.	0	2014-09-27 10:20:29	2014-09-27 10:20:29
383	21	0	37525	ಮಂಡನೆ	Main menu – Office – Presentation. Opens the presentation application.	0	2014-09-27 10:20:26	2014-09-27 10:20:26
384	21	0	37761	ಪ್ರಸ್ತುತಿ ಪರಿಣತ	Open office – Ooimpress – File – Presentation Wizard. To create a presentation using this wizard	0	2014-09-27 10:20:29	2014-09-27 10:20:29
385	21	0	37526	ಮುನ್ನೋಟ	Firefox – File – Preview - Displays a preview of how the current document will appear when printed. It reflects the settings in the Page Setup dialog and the page author's intentions.	0	2014-09-27 10:20:26	2014-09-27 10:20:26
386	21	0	37527	ಹಿಂದಿನ	Evolution – Message – Go – Previous. Goes to the previous message.	0	2014-09-27 10:20:26	2014-09-27 10:20:26
387	21	0	37762	ಹಿಂದಿನ ದಸ್ತಾವೇಜು	Gedit – Document - Previous Document. Go to the previous document.	0	2014-09-27 10:20:29	2014-09-27 10:20:29
388	21	0	37763	ಹಿಂದಿನ ಪುಟ	Terminal – Tab - Previous Tab. Go to the Previous tab.	0	2014-09-27 10:20:29	2014-09-27 10:20:29
389	21	0	37528	ಮುದ್ರಿಸು	Firefox – File – Print. Displays the Print dialog, where you can specify the number of printed copies, etc. Click OK to print the page.	0	2014-09-27 10:20:26	2014-09-27 10:20:26
390	21	0	37764	ಮುದ್ರಣ ವಿನ್ಯಾಸ	Open office – oowriter – View – Print layout. Show the print layout.	0	2014-09-27 10:20:29	2014-09-27 10:20:29
391	21	0	37765	ಮುದ್ರಣ ಮುನ್ನೋಟ	Open office – File – Print preview. Displays a preview of how the current document will appear when printed. It reflects the settings in the Page Setup dialog and the page author's intentions.	0	2014-09-27 10:20:29	2014-09-27 10:20:29
392	21	0	37766	ಮುದ್ರಣ ವ್ಯಾಪ್ತಿ	Open office – Oocalc – Format – Print Ranges. Defines the print range for the current document.	0	2014-09-27 10:20:29	2014-09-27 10:20:29
393	21	0	37767	ಮುದ್ರಕದ ಸಿದ್ಧತೆಗಳು	Open office – File – Printer settings. Select the default printer for the current document.	0	2014-09-27 10:20:29	2014-09-27 10:20:29
394	21	0	37529	ಮುದ್ರಣ	Main menu – System – Administration – Printing. Configures Printing related things.	0	2014-09-27 10:20:26	2014-09-27 10:20:26
395	21	0	37530	ಖಾಸಗಿ	Pidgin – Tools – Privacy. Sets the privacy setting.	0	2014-09-27 10:20:26	2014-09-27 10:20:26
396	21	0	37531	ಪರಿಚೆ?	Terminal – Edit – Profiles. Edits the profile.	0	2014-09-27 10:20:26	2014-09-27 10:20:26
397	21	0	37532	ಕ್ರಮವಿಧಿ	Main menu – Programming. Contains some programming application to start.	0	2014-09-27 10:20:26	2014-09-27 10:20:26
398	21	0	37768	ಯೋಜನಾ ವ್ಯವಸ್ಥಾಪನೆ	Main menu – Office – Project management. Opens Project management application.	0	2014-09-27 10:20:29	2014-09-27 10:20:29
399	21	0	37533	ಗುಣಗಳು	Right click on the panel and you find the panel properties. The function is same for nautilus, open office etc..	0	2014-09-27 10:20:27	2014-09-27 10:20:27
400	21	0	37534	ಕೋಶವನ್ನು ಸಂರಕ್ಷಿಸು	Open office – Oocalc – Format – Protect cell. Defines protection options for selected cells.	0	2014-09-27 10:20:27	2014-09-27 10:20:27
401	21	0	37769	ದಸ್ತಾವೇಜನ್ನು ರಕ್ಷಿಸು	Open office – Oocalc – Tools – Protect Document.	0	2014-09-27 10:20:29	2014-09-27 10:20:29
402	21	0	37923	ದಿನಸೂಚಿ ಮಾಹಿತಿಯನ್ನು ಕಳುಹಿಸು	Evolution - Calendar – Action - Publish calender Information	0	2014-09-27 10:20:31	2014-09-27 10:20:31
403	21	0	37535	ಶಾಶ್ವತ ಅಳಿಸು	Evolution – Calendar – Action – Purge. Permanently deleted the selected events.	0	2014-09-27 10:20:27	2014-09-27 10:20:27
404	21	0	37770	ಚುಟುಕು ಉಲ್ಲೇಖ	Evolution – Help – Quick reference. A PDF help.	0	2014-09-27 10:20:29	2014-09-27 10:20:29
405	21	0	37536	ಹೊರಗೆ	Evolution – file – Quit. Quits from the application.	0	2014-09-27 10:20:27	2014-09-27 10:20:27
406	21	0	37771	ಓದಿದ ಅಂಚೆ	It is a firefox addon	0	2014-09-27 10:20:29	2014-09-27 10:20:29
407	21	0	37772	ಇತ್ತೀಚಿನ ದಸ್ತಾವೇಜುಗಳು	Open office – File – Recent Documents. Lists the most recently opened files.	0	2014-09-27 10:20:29	2014-09-27 10:20:29
408	21	0	37537	ಮತ್ತೆ ಮಾಡು	Firefox – Edit – Redo. Redoes the last Undo command.	0	2014-09-27 10:20:27	2014-09-27 10:20:27
409	21	0	37773	ವ್ಯಾಪ್ತಿಯ ಪುನಶ್ಚೇತನ	Open office – Oocalc – Data – Refresh Range. Updates a data range that was inserted from an external database.	0	2014-09-27 10:20:29	2014-09-27 10:20:29
410	21	0	37538	ನೋಂದಣಿ	Open office – help – Registration. Register the product.	0	2014-09-27 10:20:27	2014-09-27 10:20:27
411	21	0	37774	ಸಮಯದ ತಾಲೀಮು	Open office – Slide show – Rehearse Timings. Assists you in defining the right rehearse timings for automatic slide changes.	0	2014-09-27 10:20:29	2014-09-27 10:20:29
412	21	0	37539	ಮರಳಿ ತುಂಬು	Firefox – View – Reload. Gets the most up-to-date version of the current page.	0	2014-09-27 10:20:27	2014-09-27 10:20:27
413	21	0	37775	ದೂರ ಗಣಕತೆರೆ	Main menu - System – preferences – Remote Desktop. Configures the remote desktop.	0	2014-09-27 10:20:29	2014-09-27 10:20:29
414	21	0	37924	ತೆಗೆಯಬಲ್ಲ ಡ್ರೈವುಗಳು ಹಾಗು ಮಾಧ್ಯಮಗಳು	Main menu – System – Preferences -Removable Drives and Media. Configures the Removable Drives and Media	0	2014-09-27 10:20:31	2014-09-27 10:20:31
415	21	0	37925	ಪಟ್ಟಿಯಿಂದ ತೆಗೆದುಹಾಕು	Right click on item in the panel and you can remove them from the panel.	0	2014-09-27 10:20:31	2014-09-27 10:20:31
416	21	0	37540	ಮರುಹೆಸರಿಸು	Nautilus – Edit – Rename. Rename the file name.	0	2014-09-27 10:20:27	2014-09-27 10:20:27
417	21	0	37541	ಪುನರಾವರ್ತಿಸು	Open office – oowriter -Edit – Repeat. Repeats the last command.	0	2014-09-27 10:20:27	2014-09-27 10:20:27
418	21	0	37542	ಬದಲಿಸು	Gedit – Edit – Replace. Once find the text replace with other text.	0	2014-09-27 10:20:27	2014-09-27 10:20:27
419	21	0	37926	ಎಲ್ಲರಿಗೂ ಉತ್ತರಿಸು	Evolution – Mail – Message – Reply to all.	0	2014-09-27 10:20:31	2014-09-27 10:20:31
420	21	0	37927	ಪಟ್ಟಿಯಲ್ಲಿರುವವರಿಗೆ ಉತ್ತರಿಸು	Evolution – Mail – Message - Reply to List	0	2014-09-27 10:20:31	2014-09-27 10:20:31
421	21	0	37928	ಕಳುಹಿಸಿದವರಿಗೆ ಉತ್ತರಿಸು	Evolution – Mail – Message - Reply to Sender	0	2014-09-27 10:20:31	2014-09-27 10:20:31
422	21	0	37929	ಜಾಲತಾಣ ತೆರೆಯುತ್ತಿಲ್ಲ ಎಂದು ವರದಿ ಮಾಡು	Firefox – Help - Report broken Web Site. Allows you to report web sites that do not work correctly in Firefox to the Firefox developers.	0	2014-09-27 10:20:31	2014-09-27 10:20:31
423	21	0	37543	ಮರುಹೊಂದಿಸು	Terminal – terminal – Reset.	0	2014-09-27 10:20:27	2014-09-27 10:20:27
424	21	0	37931	ನೋಟವನ್ನು ಪೂರ್ವನಿಯೋಜನೆಯಂತೆ ಮರುಹೊಂದಿಸು	Nautilus – View - Reset View to Defaults.	0	2014-09-27 10:20:31	2014-09-27 10:20:31
425	21	0	37930	ಮರುಹೊಂದಿಸು ಮತ್ತು ಅಳಿಸು	Terminal – Terminal – Reset and clear.	0	2014-09-27 10:20:31	2014-09-27 10:20:31
426	21	0	37544	ಪುನರಾರಂಭ	Gdm – restart. Restarts the computer.	0	2014-09-27 10:20:27	2014-09-27 10:20:27
427	21	0	37932	ಲಾಂಛನದ ಮೂಲ ಗಾತ್ರವನ್ನು ಮರುಸ್ಥಾಪಿಸು	Nautilus – Edit - Restore Icon's Original Size. If the icon is stretch it 'll restore to the original size.	0	2014-09-27 10:20:31	2014-09-27 10:20:31
428	21	0	37545	ಹಿಮ್ಮರಳು	Gedit – File – Revert. Revert the previous document.	0	2014-09-27 10:20:27	2014-09-27 10:20:27
429	21	0	37933	ರಿದಮ್‌ಬಾಕ್ಸ್‍ ಸಂಗೀತ ಚಾಲಕ	Main Menu – Sound & video - Rhythmbox Music Player. Opens Rhythmbox Music Player application.	0	2014-09-27 10:20:31	2014-09-27 10:20:31
430	21	0	37776	ಕೋಣೆ ಪಟ್ಟಿ	Pidgin – Tools – Room list. To get the list of room for chat.	0	2014-09-27 10:20:29	2014-09-27 10:20:29
431	21	0	37777	ನಿರ್ವಾಹಕ ದಾಟುಪದ	Main menu - System – preferences – Root Password.	0	2014-09-27 10:20:29	2014-09-27 10:20:29
432	21	0	37546	ಅಡ್ಡಸಾಲು	Open office – Oowriter – Insert – Row. Inserting row in a table or spreadsheet.	0	2014-09-27 10:20:27	2014-09-27 10:20:27
433	21	0	37547	ಗೆರೆಪಟ್ಟಿ	Open office – Oowriter – View – Ruler. Whether to show or not the ruler.	0	2014-09-27 10:20:27	2014-09-27 10:20:27
434	21	0	37937	ಎಸ್‌ಸಿಐಎಮ್ ಊಡಿಕೆ ವಿಧಾನದ ಸಿದ್ಧತೆ	Main Menu - System – preference – SCIM Input Method Setup. To configure the SCIM Input Method Setup.	0	2014-09-27 10:20:31	2014-09-27 10:20:31
435	21	0	37790	SELinux ದೋಷನಿವಾರಣ ಸಹಾಯಕ	Main menu – System tools - SELinux Troubleshooter. Opens the SELinux Troubleshooter.	0	2014-09-27 10:20:29	2014-09-27 10:20:29
436	21	0	37548	ಉಳಿಸು	Open office – File – save. Saves the document.	0	2014-09-27 10:20:27	2014-09-27 10:20:27
437	21	0	37778	ಎಲ್ಲ ಉಳಿಸು	Open office – File – Save all. Saves all open OpenOffice.org documents. This command is only available if two or more files have been modified.	0	2014-09-27 10:20:29	2014-09-27 10:20:29
438	21	0	37779	ಹೀಗೆ ಉಳಿಸು	Open office – File – Save as. Saves the current document in a different location, or with a different file name or file type.	0	2014-09-27 10:20:29	2014-09-27 10:20:29
439	21	0	37934	ಚೌಕಟ್ಟನ್ನು ಹೀಗೆ ಉಳಿಸು	Firefox – File - Save Frame As. If the website contains frames. You can save the frame as some file format	0	2014-09-27 10:20:31	2014-09-27 10:20:31
440	21	0	37935	ಸಂದೇಶವನ್ನು ಉಳಿಸು	Evolution – Mail – File – Save message. Saves the composed message.	0	2014-09-27 10:20:31	2014-09-27 10:20:31
441	21	0	37936	ಪುಟವನ್ನು ಹೀಗೆ ಉಳಿಸು	Firefox – File - Save Pages as. Saves the page you are currently browsing.	0	2014-09-27 10:20:31	2014-09-27 10:20:31
442	21	0	37780	ಹುಡುಕಿದ್ದನ್ನು ಉಳಿಸು	Evolution – Mail – Search – Save search.	0	2014-09-27 10:20:29	2014-09-27 10:20:29
443	21	0	37781	ಸ್ಕ್ಯಾನ್ ಮಾಡುವ ಉಪಕರಣ	Main menu - System – preferences – Scanner Tool.	0	2014-09-27 10:20:29	2014-09-27 10:20:29
444	21	0	37549	ದೃಶ್ಯವಿವರ	Open office – Oocalc – Tools – Scenario. Defines a scenario for the selected sheet area.	0	2014-09-27 10:20:27	2014-09-27 10:20:27
445	21	0	37782	ತೆರೆಯ ದಟ್ಟಣೆ	Main menu - System – preferences – Screen resolution. Configures the screen resolution.	0	2014-09-27 10:20:29	2014-09-27 10:20:29
446	21	0	37550	ರಕ್ಷಣಾತೆರೆ	Main menu – System – Preferences – Screensaver. Configures the screensaver.	0	2014-09-27 10:20:27	2014-09-27 10:20:27
447	21	0	37551	ಆದೇಶಗುಚ್ಛ	Open office – Oowriter – Insert – Script. Inserts a script.	0	2014-09-27 10:20:27	2014-09-27 10:20:27
448	21	0	37552	ಹುಡುಕು	Nautilus – Search. To search in document.	0	2014-09-27 10:20:27	2014-09-27 10:20:27
449	21	0	37783	ಕಡತಕೋಶಗಳಲ್ಲಿ ಹುಡುಕು	Evolution – Mail – Edit – Search folders.	0	2014-09-27 10:20:29	2014-09-27 10:20:29
450	21	0	37938	ಕಡತಗಳಿಗಾಗಿ ಹುಡುಕು	Main menu – Place – Search for files. Searching files and folder in the system.	0	2014-09-27 10:20:31	2014-09-27 10:20:31
451	21	0	37553	ವಿಭಾಗ	Open office – Oowriter - Insert – Section. Sets the properties of the section.	0	2014-09-27 10:20:27	2014-09-27 10:20:27
452	21	0	37939	ಸುರಕ್ಷತಾ ಮಟ್ಟ ಹಾಗು ತಡೆಗೋಡೆ	Main Menu - System – preference – Display. To configure the display.	0	2014-09-27 10:20:31	2014-09-27 10:20:31
453	21	0	37554	ಆರಿಸು	open office – Oowriter – Table – Select. Selects the table.	0	2014-09-27 10:20:27	2014-09-27 10:20:27
454	21	0	37784	ಎಲ್ಲ ಆಯ್ಕೆ ಮಾಡು	Open office – Edit – Select all. Select all in the document.	0	2014-09-27 10:20:29	2014-09-27 10:20:29
455	21	0	37940	ಎಲ್ಲ ಸಂದೇಶಗಳನ್ನು ಆಯ್ಕೆ ಮಾಡು	Evolution – Folder - Select All Messages. Selects all the messages in the folder	0	2014-09-27 10:20:31	2014-09-27 10:20:31
456	21	0	37941	ಎಲ್ಲ ಪಠ್ಯವನ್ನು ಆಯ್ಕೆ ಮಾಡು	Evolution – Edit - Select All Text. Selects all the text in the message.	0	2014-09-27 10:20:31	2014-09-27 10:20:31
457	21	0	37785	ದಿನಾಂಕ ಆಯ್ಕೆ ಮಾಡು	Evolution – calendar - View – Select date.	0	2014-09-27 10:20:29	2014-09-27 10:20:29
458	21	0	37942	ಸಂದೇಶದ ಎಳೆಯನ್ನು ಆಯ್ಕೆ ಮಾಡು	Evolution – Folder - Select Message Thread. Select the message thread.	0	2014-09-27 10:20:31	2014-09-27 10:20:31
459	21	0	37786	ಮಾದರಿ ಆಯ್ಕೆ ಮಾಡು	Nautilus – Edit – Select pattern. You can select pattern for the background.	0	2014-09-27 10:20:29	2014-09-27 10:20:29
460	21	0	37787	ವ್ಯಾಪ್ತಿ ಆಯ್ಕೆ ಮಾಡು	Open office – Oocalc – Data – Select Range. Selects a database range that you defined under Data - Define Range.	0	2014-09-27 10:20:29	2014-09-27 10:20:29
461	21	0	37788	ಪಠ್ಯ ಆಯ್ಕೆ ಮಾಡು	Open office – oowriter – Edit – Select text. You can enable a selection cursor in a read-only text document or in the Help.	0	2014-09-27 10:20:29	2014-09-27 10:20:29
462	21	0	37789	ಇಂದು' ಆಯ್ಕೆ ಮಾಡು	Evolution – calendar - View – Select Today.	0	2014-09-27 10:20:29	2014-09-27 10:20:29
463	21	0	37555	ಕಳುಹಿಸು	Open office – File – Send. Sends the document as email.	0	2014-09-27 10:20:27	2014-09-27 10:20:27
464	21	0	37791	ಕೊಂಡಿಯನ್ನು ಕಳುಹಿಸು	Firefox – File – Send link. Opens an email composition window using your computer's default email program so you can send a message with a link to the current page.	0	2014-09-27 10:20:29	2014-09-27 10:20:29
465	21	0	37943	ಸಂದೇಶವನ್ನು ಸಂಪರ್ಕವಿಳಾಸಕ್ಕೆ ಕಳುಹಿಸು	Evolution – Contacts – Actions- Send message to contact.	0	2014-09-27 10:20:31	2014-09-27 10:20:31
466	21	0	37792	ಕಳುಹಿಸು/ಪಡೆದುಕೊ	Evolution – Mail – File – Send/Receive. Send or receive message.	0	2014-09-27 10:20:29	2014-09-27 10:20:29
467	21	0	37556	ಕಳುಹಿಸಲಾಗಿದೆ	Evolution – Mail – Sent. Sent message 'll be locate in sent folder.	0	2014-09-27 10:20:27	2014-09-27 10:20:27
468	21	0	37557	ಸೇವೆಗಳು	Main menu – System – Administration – Services. Configures the services	0	2014-09-27 10:20:27	2014-09-27 10:20:27
469	21	0	37558	ಅಧಿವೇಶನಗಳು	Main menu – System - Preferences – Sessions. Configures the sessions	0	2014-09-27 10:20:27	2014-09-27 10:20:27
470	21	0	37944	ಅಕ್ಷರ ಸಂಕೇತವ್ಯವಸ್ಥೆಯನ್ನು ಹೊಂದಿಸು	Terminal – Terminal - Set Character Encoding. Sets the encoding.	0	2014-09-27 10:20:31	2014-09-27 10:20:31
471	21	0	37793	ಭಾಷೆಯನ್ನು ಆಯ್ಕೆ ಮಾಡು	Gedit – Tools – Set language. Sets a language	0	2014-09-27 10:20:29	2014-09-27 10:20:29
472	21	0	37794	ಶೀರ್ಷಿಕೆಯನ್ನು ಹೊಂದಿಸು	Terminal – Terminal – Set title. Sets the title for the terminal.	0	2014-09-27 10:20:29	2014-09-27 10:20:29
473	21	0	37559	ಹಾಳೆ	Open office -Oocalc – Insert – Sheet. Inserts a sheet in a document.	0	2014-09-27 10:20:27	2014-09-27 10:20:27
474	21	0	37945	ಕಡತದಿಂದ ಹಾಳೆ	Open office – oocalc – Insert - Sheet From File. Inserts a sheet from a different spreadsheet file.	0	2014-09-27 10:20:31	2014-09-27 10:20:31
475	21	0	37560	ತೋರಿಸು	Evolution – Mail – Show. To show some options	0	2014-09-27 10:20:27	2014-09-27 10:20:27
476	21	0	37946	ಖಾಲಿ ಗುಂಪುಗಳನ್ನು ತೋರಿಸು	Pidgin – Buddies – Show Empty group. Shows the Empty group.	0	2014-09-27 10:20:31	2014-09-27 10:20:31
477	21	0	37947	ಅಡಗಿಸಿದ ಕಡತಗಳನ್ನು ತೋರಿಸು	Nautilus – View - Show Hidden Files. Shows the hidden files	0	2014-09-27 10:20:31	2014-09-27 10:20:31
478	21	0	37948	ಅಡಗಿಸಿದ ಸಂದೇಶಗಳನ್ನು ತೋರಿಸು	Evolution – View - Show Hidden Messeges. Shows the hidden messages	0	2014-09-27 10:20:31	2014-09-27 10:20:31
479	21	0	37949	ನಿಷ್ಕ್ರಿಯ ಸಮಯ ತೋರಿಸು	Pidgin – Buddies – Show Idle Times. Shows the Idle times.	0	2014-09-27 10:20:31	2014-09-27 10:20:31
480	21	0	37795	ಪರಿವಿಡಿಪಟ್ಟಿಯನ್ನು ತೋರಿಸು	Terminal – View – Show Menubar. Show or hide the menubar.	0	2014-09-27 10:20:29	2014-09-27 10:20:29
481	21	0	37950	ಜಾಲದಾಚೆಗಿನ ಗೆಳೆಯರನ್ನು ತೋರಿಸು	Pidgin – Buddies – Show offline buddies. Shows the buddies who are offline.	0	2014-09-27 10:20:31	2014-09-27 10:20:31
482	21	0	37951	ಜಾರುಫಲಕವನ್ನು ತೋರಿಸು/ಅಡಗಿಸು	Open office – Ooimpress – Show/Hide Slide. Whether to show or hide a particular slide.	0	2014-09-27 10:20:31	2014-09-27 10:20:31
483	21	0	37796	ಕೊನೆಗೊಳಿಸು	Gdm – Shutdown. Shutdown the computer.	0	2014-09-27 10:20:30	2014-09-27 10:20:30
484	21	0	37797	ಬದಿಯ ಪಟ್ಟಿ	Gedit – View – Side pane. To show or hide the side pane.	0	2014-09-27 10:20:30	2014-09-27 10:20:30
485	21	0	37561	ಬದಿಪಟ್ಟಿ	Firefox – View – Sidebar. The Sidebar can display your bookmarks or the browsing history.	0	2014-09-27 10:20:27	2014-09-27 10:20:27
486	21	0	37562	ಜಾರುಫಲಕ	Open office -Ooimpress – Insert – slide. Inserts a slide in a presentation.	0	2014-09-27 10:20:27	2014-09-27 10:20:27
487	21	0	37798	ಜಾರುಫಲಕದ ವಿನ್ಯಾಸ	Open office – Ooimpress – format – Slide Design. Selects the medium and the background of your presentation.	0	2014-09-27 10:20:30	2014-09-27 10:20:30
488	21	0	37799	ಜಾರುಫಲಕದ ಹೊರವಿನ್ಯಾಸ	Open office – Ooimpress – format – Slide Layout. Selects the silde layout of your presentation.	0	2014-09-27 10:20:30	2014-09-27 10:20:30
489	21	0	37800	ಜಾರುಫಲಕದ ಪಟ್ಟಿ	Open office – Ooimpress – View – Slide pane. Whether to view the slide pane.	0	2014-09-27 10:20:30	2014-09-27 10:20:30
490	21	0	37801	ಜಾರುಫಲಕದ ಪ್ರದರ್ಶನ	Open office – Ooimpress – Slide show. To view the slide show and that related setting menu.	0	2014-09-27 10:20:30	2014-09-27 10:20:30
491	21	0	37952	ಜಾರುಫಲಕ ಪ್ರದರ್ಶನದ ಸಿದ್ಧತೆಗಳು	Open office – Ooimpress – Slide show – Slide show settings. Sets the slide show options.	0	2014-09-27 10:20:31	2014-09-27 10:20:31
492	21	0	37802	ಜಾರುಫಲಕದ ವಿಂಗಡಕ	Open office – Ooimpress – View – Slide sorter. Whether to view the slide sorter	0	2014-09-27 10:20:30	2014-09-27 10:20:30
493	21	0	37803	ಜಾರುಫಲಕದ ಬದಲಾವಣೆ	Open office – Ooimpress – Slide show – Slide transition. Applies a transition to a selected slides	0	2014-09-27 10:20:30	2014-09-27 10:20:30
494	21	0	37953	ಸ್ಮಾರ್ಟ್ ಕಾರ್ಡ್ ವ್ಯವಸ್ಥಾಪಕ	Main menu – System – Administration - Smart Card Manager. Configures the Smart Card Manager.	0	2014-09-27 10:20:31	2014-09-27 10:20:31
495	21	0	37804	ತಂತ್ರಾಂಶ ಇತ್ತೇದಕ	Main menu – System - Preferences – Software updater. Settings for software updates	0	2014-09-27 10:20:30	2014-09-27 10:20:30
496	21	0	37563	ವಿಂಗಡಿಸು	Open office – Oocalc – Data – Sort. Sorts the selected rows according to the conditions that you specify.	0	2014-09-27 10:20:27	2014-09-27 10:20:27
497	21	0	37805	ಗೆಳೆಯರನ್ನು ವಿಂಗಡಿಸು	Pidgin – Sort Buddies. Sort the list of buddies in particular order.	0	2014-09-27 10:20:30	2014-09-27 10:20:30
498	21	0	37954	ಧ್ವನಿ ಮತ್ತು ವೀಡಿಯೊ	Main Menu – Sound & video. Contains sound & video applications	0	2014-09-27 10:20:31	2014-09-27 10:20:31
499	21	0	37955	ಸೌಂಡ್ ಜ್ಯೂಸರ್ ಸಿ ಡಿ ಎಕ್ಸ್‍ಟ್ರಾಕ್ಟರ್	Main Menu – Sound & video - Sound Juicer CD Extractor. Opens Sound Juicer CD Extractor application.	0	2014-09-27 10:20:31	2014-09-27 10:20:31
500	21	0	37956	ಸೌಂಡ್‌ಕಾರ್ಡ್ ಪತ್ತೆಮಾಡುವಿಕೆ	Main Menu – System - Preferences – Sound card Detection. Configures the sound card.	0	2014-09-27 10:20:31	2014-09-27 10:20:31
501	21	0	37806	ವಿಶೇಷ ಅಕ್ಷರಚಿಹ್ನೆ	Open office – Insert - Special Character. Inserts Special Characters in the document.	0	2014-09-27 10:20:30	2014-09-27 10:20:30
502	21	0	37564	ಪದಪರೀಕ್ಷೆ	Open office – Oowriter – Tools – Spellcheck. Checks the spelling.	0	2014-09-27 10:20:27	2014-09-27 10:20:27
503	21	0	37565	ವಿಭಜಿಸು	Open office – Window – Split. Divides the current window at the top left corner of the active cell.	0	2014-09-27 10:20:27	2014-09-27 10:20:27
504	21	0	37807	ಕೋಶವನ್ನು ವಿಭಜಿಸು	Open office – Oowriter – Table - Split Cell. Splits the selected cell in the table.	0	2014-09-27 10:20:30	2014-09-27 10:20:30
505	21	0	37808	ಕೋಷ್ಟಕವನ್ನು ವಿಭಜಿಸು	Open office – Oowriter – Table - Split Table. Splits the selected table.	0	2014-09-27 10:20:30	2014-09-27 10:20:30
506	21	0	37566	ಸ್ಪ್ರೆಡ್‌ಶೀಟ್	Main menu – Office – Spreadsheet. Opens the spreadsheet application.	0	2014-09-27 10:20:27	2014-09-27 10:20:27
507	21	0	37567	ಸ್ಥಿತಿಪಟ್ಟಿ	Firefox – View – Status bar. Toggles the visibility of the status bar, located at the bottom of the window.	0	2014-09-27 10:20:27	2014-09-27 10:20:27
508	21	0	37568	ನಿಲ್ಲಿಸು	Evolution – Contacts – Actions – Stop. It 'll stop the current action.	0	2014-09-27 10:20:27	2014-09-27 10:20:27
509	21	0	37809	ಲಾಂಛನವನ್ನು ಹಿಗ್ಗಿಸು	Nautilus – Edit – Stretch Icon. You can Stretch the Icon.	0	2014-09-27 10:20:30	2014-09-27 10:20:30
510	21	0	37957	ಶೈಲಿ ಮತ್ತು ವಿನ್ಯಾಸ	Open office – Format - Styles and Formatting. Applies the selected styles and formatting to the selected area.	0	2014-09-27 10:20:31	2014-09-27 10:20:31
511	21	0	37958	ದೋಷ ವರದಿಯನ್ನು ಸಲ್ಲಿಸು	Evolution – Help - Submit Bug Report	0	2014-09-27 10:20:31	2014-09-27 10:20:31
512	21	0	37959	ಇತರ ಬಳಕೆದಾರರ ಕಡತಕೋಶಕ್ಕೆ ಚಂದಾದಾರನಾಗು	Evolution – Help - Subscribe to Other User's Folder	0	2014-09-27 10:20:31	2014-09-27 10:20:31
513	21	0	37569	ಚಂದಾಗಳು	Evolution – Mail – Folder – Subscriptions.	0	2014-09-27 10:20:27	2014-09-27 10:20:27
514	21	0	37570	ಉಪಮೊತ್ತಗಳು	Open office -Oocalc – Data – Subtotal. Calculates subtotals for the columns that you select.	0	2014-09-27 10:20:27	2014-09-27 10:20:27
515	21	0	37571	ಸಾರಾಂಶ	Evolution – Task – summary. Summary of the tasks.	0	2014-09-27 10:20:27	2014-09-27 10:20:27
516	21	0	37810	ಸಾರಾಂಶ ಜಾರುಫಲಕ	Open office – Ooimpress – Insert - Summary Slide. Inserts the Summary Slide.	0	2014-09-27 10:20:30	2014-09-27 10:20:30
517	21	0	37572	ಬೆಂಬಲ	Open office – Help – Support. You can contact the open office support.	0	2014-09-27 10:20:27	2014-09-27 10:20:27
518	21	0	37573	ಅಮಾನತುಗೊಳಿಸು	Gdm – Suspend. System 'll go to suspend mode.	0	2014-09-27 10:20:27	2014-09-27 10:20:27
519	21	0	37811	ಹೊರಳಿಕೆ ನೋಟ	Evolution – View – Switcher appearance.	0	2014-09-27 10:20:30	2014-09-27 10:20:30
520	21	0	37812	ಮೇಳೈಸುವ ಆಯ್ಕೆಗಳು	Evolution – Edit - Synchronization Options. Sets the Synchronization Options.	0	2014-09-27 10:20:30	2014-09-27 10:20:30
521	21	0	37574	ವ್ಯವಸ್ಥೆ	Main menu – System. Contains system related applications.	0	2014-09-27 10:20:27	2014-09-27 10:20:27
522	21	0	37813	ವ್ಯವಸ್ಥೆಯ ದಿನಚರಿ	Pidgin – Tools – System Log. Logs the system events.	0	2014-09-27 10:20:30	2014-09-27 10:20:30
523	21	0	37814	ವ್ಯವಸ್ಥೆಯ ಮೇಲ್ವಿಚಾರಕ	Main menu – System tools – System monitor. Opens the system monitor application to see the process and memory	0	2014-09-27 10:20:30	2014-09-27 10:20:30
524	21	0	37815	ವ್ಯವಸ್ಥೆಯ ಉಪಕರಣಗಳು	Main menu – System tools. Contains some system configuration tools	0	2014-09-27 10:20:30	2014-09-27 10:20:30
525	21	0	37575	ಕೋಷ್ಟಕ	Open office – Oowriter – Table. This menu contains table related items.	0	2014-09-27 10:20:27	2014-09-27 10:20:27
526	21	0	37816	ಕೋಷ್ಟಕದ ಎಲ್ಲೆಗಳು	Open office – Oowriter – Table - Table Boundaries. Sets the Table Boundaries	0	2014-09-27 10:20:30	2014-09-27 10:20:30
527	21	0	37817	ಕೋಷ್ಟಕದ ಗುಣಗಳು	Open office – Oowriter – Table - Table Properties. Sets the Table Properties	0	2014-09-27 10:20:30	2014-09-27 10:20:30
528	21	0	37818	ತೆರೆಚಿತ್ರವನ್ನು ತೆಗೆದುಕೊ	Main menu – Accessories – Take Screenshot. Captures the current screen.	0	2014-09-27 10:20:30	2014-09-27 10:20:30
529	21	0	37819	ಕಾರ್ಯ ಪಟ್ಟಿ	Open office – Ooimpress – View – Task pane. Show or hide the Task pane.	0	2014-09-27 10:20:30	2014-09-27 10:20:30
530	21	0	37576	ಕಾರ್ಯಗಳು	Evolution – Tasks. You can organize your tasks here.	0	2014-09-27 10:20:27	2014-09-27 10:20:27
531	21	0	37577	ಸಿದ್ಧಮಾದರಿಗಳು	Open office – File – Templates. You can organize your template here.	0	2014-09-27 10:20:27	2014-09-27 10:20:27
532	21	0	37578	ಆದೇಶತೆರೆ	Main menu – System tools – Terminal. Opens the terminal.	0	2014-09-27 10:20:27	2014-09-27 10:20:27
533	21	0	37960	ಆದೇಶತೆರೆ ಪೂರೈಕೆಗಣಕದ ಕಕ್ಷಿ	Main menu – Internet – Terminal Server Client.	0	2014-09-27 10:20:31	2014-09-27 10:20:31
534	21	0	37579	ಪಠ್ಯ	Open office – Ooimpress – Format – Text. Formatting the text.	0	2014-09-27 10:20:27	2014-09-27 10:20:27
535	21	0	37820	ಪಠ್ಯ ಸಂಪಾದಕ	Main menu – Accessories – Text editor. Opens Gedit application.	0	2014-09-27 10:20:30	2014-09-27 10:20:30
536	21	0	37821	ಪಠ್ಯದ ಗಾತ್ರ	Firefox – View – Text size. To change the size of the Text in a page.	0	2014-09-27 10:20:30	2014-09-27 10:20:30
537	21	0	37822	ಜಿಂಪ್ (ಜಿಐಎಂಪಿ)	Main menu – Graphics – The GIMP. Opens the Gimp application.	0	2014-09-27 10:20:30	2014-09-27 10:20:30
538	21	0	37580	ಆಶಯಗಳು	Firefox – Tools – Themes. Your can select and set your theme for your browser.	0	2014-09-27 10:20:27	2014-09-27 10:20:27
539	21	0	37823	ಥಂಡರ್ಬರ್ಡ್ ವಿ-ಅಂಚೆ	Main menu – Internet – Thunderbird Email. Opens the Thunderbird application.	0	2014-09-27 10:20:30	2014-09-27 10:20:30
540	21	0	37581	ಉಪಕರಣಪಟ್ಟಿಗಳು	Open office – View – Toolbars. Shows or hide the toolbar in the application.	0	2014-09-27 10:20:27	2014-09-27 10:20:27
541	21	0	37582	ಉಪಕರಣಗಳು	Firefox – Tools. This menu contains some tools for the application.	0	2014-09-27 10:20:27	2014-09-27 10:20:27
542	21	0	37583	ಕಸದ ಬುಟ್ಟಿ	Nautilus – Go – Trash. Goes to Trash folder.	0	2014-09-27 10:20:27	2014-09-27 10:20:27
543	21	0	37584	ಬಗೆ	Open office – Insert – Indexes and tables – Type. Select the type of index that you want to insert.	0	2014-09-27 10:20:27	2014-09-27 10:20:27
544	21	0	37824	ಸಂದೇಶ ಅಳಿಸುವಿಕೆ - ರದ್ದುಗೊಳಿಸು	Evolution – Mail – Edit – Undelete message. From the trash folder if select a message and click this option it 'll restore back the message.	0	2014-09-27 10:20:30	2014-09-27 10:20:30
545	21	0	37585	ರದ್ದುಮಾಡು	Firefox – Edit – Undo. Undoes the last action in a text field.	0	2014-09-27 10:20:27	2014-09-27 10:20:27
546	21	0	37586	ಹೊಂದಿಕೆಯಾಗದ	Evolution – Mail – Search folder – Unmatched.	0	2014-09-27 10:20:27	2014-09-27 10:20:27
547	21	0	37825	ಉಳಿಸದ ದಸ್ತಾವೇಜು	Gedit - Unsaved Document.	0	2014-09-27 10:20:30	2014-09-27 10:20:30
548	21	0	37587	ತಲೆಬರಹವಿಲ್ಲದ	Open office – Window – Untitled. The file which is not having file name or new file.	0	2014-09-27 10:20:27	2014-09-27 10:20:27
549	21	0	37588	ಇತ್ತೇದಿಸು	Open office – Oowriter – Tools – update. Updates items in the current document that have dynamic contents, so as fields and indexes.	0	2014-09-27 10:20:27	2014-09-27 10:20:27
550	21	0	37826	ಬಳಕೆದಾರರ ಹೆಸರು	GDM – Enter your user name to login.	0	2014-09-27 10:20:30	2014-09-27 10:20:30
551	21	0	37961	ಬಳಕೆದಾರರು ಮತ್ತು ಗುಂಪುಗಳು	Main menu – System – Administration - Users and Groups.	0	2014-09-27 10:20:31	2014-09-27 10:20:31
552	21	0	37589	ಊರ್ಜಿತತೆ	Open office – Oocalc – Data – Validity. Defines what data is valid for a selected cell or cell range.	0	2014-09-27 10:20:27	2014-09-27 10:20:27
553	21	0	37827	ಮೌಲ್ಯವನ್ನು ಬೆಳಗಿಸುವಿಕೆ	Open office – oocalc – View - Value Highlighting. Whether to Highlight the value.	0	2014-09-27 10:20:30	2014-09-27 10:20:30
554	21	0	37590	ಆವೃತ್ತಿಗಳು	Open office – File versions. Saves and organizes multiple versions of the current document in the same file. You can also open, delete, and compare previous versions.	0	2014-09-27 10:20:27	2014-09-27 10:20:27
555	21	0	37828	ವಿಐ ಇಂಪ್ರೂವ್ಡ್‍	Main menu – Accessories – Vi Improved. Opens the Vi editor.	0	2014-09-27 10:20:30	2014-09-27 10:20:30
556	21	0	37591	ನೋಟ	Open office – View. Specifies the available display modes.	0	2014-09-27 10:20:27	2014-09-27 10:20:27
557	21	0	37964	ಬಳಕೆದಾರರ ದಿನಚರಿ ನೋಡು	Pidgin – Buddies – View user log. Show the chat log of user you chat.	0	2014-09-27 10:20:31	2014-09-27 10:20:31
558	21	0	37962	ಲಾಂಛನಗಳಾಗಿ ನೋಡು	Nautilus – View - View as Icons. Shows the files/folders as Icons	0	2014-09-27 10:20:31	2014-09-27 10:20:31
559	21	0	37963	ಪಟ್ಟಿಯಾಗಿ ನೋಡು	Nautilus – View - View as list. Shows the files/folders as list	0	2014-09-27 10:20:31	2014-09-27 10:20:31
560	21	0	37829	ಧ್ವನಿಪ್ರಮಾಣ ನಿಯಂತ್ರಣ	Main menu – System - Preferences – Volume control. Setting up the volume control.	0	2014-09-27 10:20:30	2014-09-27 10:20:30
561	21	0	37830	ಜಾಲ ಹುಡುಕಾಟ	Firefox – View – Web search. Show the web search bar in the right corner	0	2014-09-27 10:20:30	2014-09-27 10:20:30
562	21	0	37592	ವಾರ	Evolution – Calendar – View – Week.	0	2014-09-27 10:20:27	2014-09-27 10:20:27
563	21	0	37831	ವಾರದ ನೋಟ	Evolution – Calender – View – current – Week view.	0	2014-09-27 10:20:30	2014-09-27 10:20:30
564	21	0	37832	ಏನಿದು	Open office – Help – What's this. Gives the tools tip help when mouse over the button.	0	2014-09-27 10:20:30	2014-09-27 10:20:30
565	21	0	37593	ಕಿಟಕಿ	Open office – Window. Organizes the window.	0	2014-09-27 10:20:27	2014-09-27 10:20:27
566	21	0	37965	ಕೊನೆಯ ದಿನಾಂಕದೊಂದಿಗೆ	Evolution - Task – View – Current view – With due date.	0	2014-09-27 10:20:31	2014-09-27 10:20:31
567	21	0	37833	ಸ್ಥಿತಿಯೊಂದಿಗೆ	Evolution – Mail – View – Current view – With status.	0	2014-09-27 10:20:30	2014-09-27 10:20:30
568	21	0	37594	ಪರಿಣತ	Open office – File – Wizards - Guides you through creating business and personal letters, faxes, agendas, presentations, and more.	0	2014-09-27 10:20:27	2014-09-27 10:20:27
569	21	0	37834	ಪದಗಳ ಎಣಿಕೆ	Open office – Oowriter – Word count. Counts the no of word in the document.	0	2014-09-27 10:20:30	2014-09-27 10:20:30
570	21	0	37835	ಪದ ಸಂಸ್ಕಾರಕ	Main menu – Office – Word processor. Opens oowriter application.	0	2014-09-27 10:20:30	2014-09-27 10:20:30
571	21	0	37836	ಜಾಲದಾಚೆ ಕೆಲಸ ಮಾಡು	Firefox – File – Work offline. Toggles between online and offline mode.	0	2014-09-27 10:20:30	2014-09-27 10:20:30
572	21	0	37837	ಕೆಲಸದ ವಾರ	Evolution – View – Work week. Shows the work week view.	0	2014-09-27 10:20:30	2014-09-27 10:20:30
573	21	0	37966	ಕೆಲಸದ ವಾರದ ನೋಟ	Evolution - Calendar – View – Current view - Work Week View	0	2014-09-27 10:20:31	2014-09-27 10:20:31
574	21	0	37595	ಹರಿವು	Open office – Oowriter – Format – Wrap. Contains text wrap options	0	2014-09-27 10:20:27	2014-09-27 10:20:27
575	21	0	37596	ಹಿಗ್ಗಿಸು	Open office – View – Zoom. Specifies the current page display zoom factor.	0	2014-09-27 10:20:27	2014-09-27 10:20:27
576	21	0	37838	ಹಿಗ್ಗಿಸು	Terminal – View – Zoom in. Increases the Window size.	0	2014-09-27 10:20:30	2014-09-27 10:20:30
577	21	0	37839	ಕುಗ್ಗಿಸು	Terminal – View – Zoom out. Decreases the Window size.	0	2014-09-27 10:20:30	2014-09-27 10:20:30
578	1	1	37504	ಹೊಸದು	NULL	NULL	2015-11-18 19:06:08	2015-11-18 19:06:08
