id	lan_id	module_id	Names	context	create	update
37390	21	1	About	Main menu - which is conveying the copyright and version of the application	2014-09-27 10:20:25	2014-09-27 10:20:25
37391	21	1	Accessibility	Main menu - System – Preference – Accessibility	2014-09-27 10:20:25	2014-09-27 10:20:25
37392	21	1	Accessories	Main menu - which contain text editor, calculator, dictionary like applications	2014-09-27 10:20:25	2014-09-27 10:20:25
37393	21	1	Accounts	Pidgin - This is your email account in chat application	2014-09-27 10:20:25	2014-09-27 10:20:25
37394	21	1	Administration	Main menu – System - Administration. Contains system administration application	2014-09-27 10:20:25	2014-09-27 10:20:25
37395	21	1	Alignment	In open office – oowriter – Format – Alignment. It 'll align the selected text to the specific place.	2014-09-27 10:20:25	2014-09-27 10:20:25
37396	21	1	Anchor	In open office – oowriter – Format – Anchor. Sets the anchoring options for the selected object.	2014-09-27 10:20:25	2014-09-27 10:20:25
37397	21	1	Applications	Main menu – To start the application	2014-09-27 10:20:25	2014-09-27 10:20:25
37398	21	1	Apply Filters	Evolution – Mail – Message – Apply filters.	2014-09-27 10:20:25	2014-09-27 10:20:25
37399	21	1	Area	In open office – oowriter – Format – Graphics - area. Set the fill options for the selected drawing object.	2014-09-27 10:20:25	2014-09-27 10:20:25
37400	21	1	Arrange	Open office – oowriter – Format – Arrange. Use the arrange commands to change the stacking order of objects in your document.	2014-09-27 10:20:25	2014-09-27 10:20:25
37401	21	1	Authentication	Main menu – System – Administration – Authentication. This the configuration of Authentication.	2014-09-27 10:20:25	2014-09-27 10:20:25
37402	21	1	AutoCorrect	Open office – oowriter – Tools – Auto correct. Sets the options for automatically replacing text as you type.	2014-09-27 10:20:25	2014-09-27 10:20:25
37403	21	1	AutoFit	Open office – oowriter - Table – Autofit – Automatically fit the row height, column width and like same kind of other task.	2014-09-27 10:20:25	2014-09-27 10:20:25
37404	21	1	AutoFormat	open office – oowriter – Format – Auto format. Choose a predefined AutoFormat to apply to a selected area in your sheet.	2014-09-27 10:20:25	2014-09-27 10:20:25
37405	21	1	AutoText	Open office – Oowriter - Edit – AutoText. Creates, edits, or inserts AutoText. You can store formatted text, text with graphics, tables, and fields as AutoText.	2014-09-27 10:20:25	2014-09-27 10:20:25
37406	21	1	Back	Firefox – History – back. To go back to the previously visited page	2014-09-27 10:20:25	2014-09-27 10:20:25
37407	21	1	Bookmark	Firefox – Bookmark. To bookmark a visited page.	2014-09-27 10:20:25	2014-09-27 10:20:25
37408	21	1	Boundaries	Open office – oowriter – View - Text Boundaries. Shows or hides the boundaries of the printable area of a page. The boundary lines are not printed.	2014-09-27 10:20:25	2014-09-27 10:20:25
37409	21	1	Buddies	Pidgin – Buddies. All about the your chat buddies	2014-09-27 10:20:25	2014-09-27 10:20:25
37410	21	1	Calculate	Open office – oowriter – Tools-calculate Calculates the selected formula and copies the result to the clipboard.	2014-09-27 10:20:25	2014-09-27 10:20:25
37411	21	1	Calculator	Main Menu – Accessories- Calculator. An application	2014-09-27 10:20:25	2014-09-27 10:20:25
37412	21	1	Calendar	Main Menu – Office – Calendar. Opens the calendar application.	2014-09-27 10:20:25	2014-09-27 10:20:25
37413	21	1	Cancel	Gdm – Cancel. Cancel 'll exit the dialog.	2014-09-27 10:20:25	2014-09-27 10:20:25
37414	21	1	Caption	open office – oowriter - Insert – Caption. Adds a numbered caption to a selected graphic, table, frame, text frame, or drawing object.	2014-09-27 10:20:25	2014-09-27 10:20:25
37415	21	1	Cells	Open office – Oocalc – Format – cells – Formatting the selected cells	2014-09-27 10:20:25	2014-09-27 10:20:25
37416	21	1	Changes	Open office – Oowriter – Edit – Changes. The Changes dialog specifies various options for highlighting recorded changes in documents.	2014-09-27 10:20:25	2014-09-27 10:20:25
37417	21	1	Character	Open office – Oowriter – Format- character. Changes the font and the font formatting for the selected characters.	2014-09-27 10:20:25	2014-09-27 10:20:25
37418	21	1	Chart	Open office – Oocalc – Insert – chart. You can insert a copy of a chart that is not updated when you modify the chart data in the spreadsheet.	2014-09-27 10:20:25	2014-09-27 10:20:25
37419	21	1	Clear	Evolution – Search – Clear. Clears the search text box entry.	2014-09-27 10:20:25	2014-09-27 10:20:25
37420	21	1	Close	Gedit, open office – File - close. To close the application.	2014-09-27 10:20:25	2014-09-27 10:20:25
37421	21	1	Column	Open office – Oowriter – Insert – column. Inserting column in a table or spreadsheet.	2014-09-27 10:20:25	2014-09-27 10:20:25
37422	21	1	Computer	Main menu – Places – Computer.	2014-09-27 10:20:25	2014-09-27 10:20:25
37423	21	1	Consolidate	Open office – oocalc – Data – consolidate. Combines data from one or more independent cell ranges and calculates a new range using the function that you specify.	2014-09-27 10:20:25	2014-09-27 10:20:25
37424	21	1	Contact	Main Menu – Internet – Contacts. Opens the contacts application.	2014-09-27 10:20:25	2014-09-27 10:20:25
37425	21	1	Contents	Help – contents for most of the application.	2014-09-27 10:20:25	2014-09-27 10:20:25
37426	21	1	Control	Open office – oocalc – Format – Control. It formats a control	2014-09-27 10:20:25	2014-09-27 10:20:25
37427	21	1	Convert	Open office – Oowriter – Table – Convert. Converts the selected text into a table, or the selected table into text.	2014-09-27 10:20:25	2014-09-27 10:20:25
37428	21	1	Copy	Open office, Firefox, Gedit... – Edit – Copy. Copies the selection to the clipboard.	2014-09-27 10:20:25	2014-09-27 10:20:25
37429	21	1	Create	Open office – Oocalc – Insert – Names – Create. Allows you to automatically name multiple cell ranges.	2014-09-27 10:20:25	2014-09-27 10:20:25
37430	21	1	Customize	Open office – Oocalc – Tools – Customize. It customize the menus, Keyboard, Toolbars, Event.	2014-09-27 10:20:25	2014-09-27 10:20:25
37431	21	1	Cut	Open office, Firefox, Gedit... – Edit – Cut. Removes and copies the selection to the clipboard.	2014-09-27 10:20:25	2014-09-27 10:20:25
37432	21	1	DataPilot	Open office – Oocalc - Data - DataPilot. Specify the layout of the table that is generated by the DataPilot.	2014-09-27 10:20:25	2014-09-27 10:20:25
37433	21	1	Day	Evoution – Mail – View – Current view – Day.	2014-09-27 10:20:25	2014-09-27 10:20:25
37434	21	1	Delete	Evolution – Mail – Folder – Delete. Deletes the selected folder.	2014-09-27 10:20:25	2014-09-27 10:20:25
37435	21	1	Desktop	Main Menu – Places – Desktop. To open the desktop contents in nautilus	2014-09-27 10:20:25	2014-09-27 10:20:25
37436	21	1	Detective	Open office – Oocalc – Tools – Detective. This command activates the Spreadsheet Detective. With the Detective, you can trace the dependencies from the current formula cell to the cells in the spreadsheet.	2014-09-27 10:20:25	2014-09-27 10:20:25
37437	21	1	Dictionary	Main menu – Accessories – Dictionary. This is an application.	2014-09-27 10:20:25	2014-09-27 10:20:25
37438	21	1	Display	Main Menu - System – preference – Display. To configure the display.	2014-09-27 10:20:25	2014-09-27 10:20:25
37439	21	1	Documentations	Main Menu - System – Documentations. You can see the installed documentation like installation guide, deployment guide.	2014-09-27 10:20:25	2014-09-27 10:20:25
37440	21	1	Documents	Gedit – Documents. This menu contains Document related operation.	2014-09-27 10:20:25	2014-09-27 10:20:25
37441	21	1	Downloads	Firefox – Tools – Downloads. Shows the download progress window	2014-09-27 10:20:25	2014-09-27 10:20:25
37442	21	1	Drafts	Evolution – Mail – Drafts. Draft mail are saved in this folder.	2014-09-27 10:20:25	2014-09-27 10:20:25
37443	21	1	Duplicate	Nautilus – Edit – Duplicate. Duplicates the selected file or folder.	2014-09-27 10:20:25	2014-09-27 10:20:25
37444	21	1	Edit	Open office, Gedit, Evolution.. - Edit. This is menu item which contains the editing commands.	2014-09-27 10:20:25	2014-09-27 10:20:25
37445	21	1	Envelope	Open office -Oocalc – File – Wizards – Letter. Defines the items to be included in the letter template.	2014-09-27 10:20:25	2014-09-27 10:20:25
37446	21	1	Exit	Open office – File – Exit. Exit from the application.	2014-09-27 10:20:25	2014-09-27 10:20:25
37447	21	1	Export	Open office – File – Export. Export a file to another format.	2014-09-27 10:20:26	2014-09-27 10:20:26
37448	21	1	Expunge	Evolution – Folder – Expunge. Permanently delete the selected message.	2014-09-27 10:20:26	2014-09-27 10:20:26
37449	21	1	Extensions	Firefox – Tools – Extension. Manages the extension install in Firefox	2014-09-27 10:20:26	2014-09-27 10:20:26
37450	21	1	Eyedropper	Open office – Oodraw – Tools – Eyedropper. Opens the eyedropper dialog, where you can replace colors in bitmap and meta file graphics. You can replace up to four different colors at one time.	2014-09-27 10:20:26	2014-09-27 10:20:26
37451	21	1	Fields	Open office – oowriter – Tools – Update - Fields. Updates the contents of all fields in the current document.	2014-09-27 10:20:26	2014-09-27 10:20:26
37452	21	1	File	Open office, gedit, firefox.. etc – File. Which contain the document related things.	2014-09-27 10:20:26	2014-09-27 10:20:26
37453	21	1	Fill	Open office – Oocalc – Edit – Fill. Automatically fills cells with content.	2014-09-27 10:20:26	2014-09-27 10:20:26
37454	21	1	Filter	Open office – Oocalc – Data – Filter. Shows commands to filter your data.	2014-09-27 10:20:26	2014-09-27 10:20:26
37455	21	1	Find	Gedit – Edit – Find. Find a particular phrase in a document	2014-09-27 10:20:26	2014-09-27 10:20:26
37456	21	1	Flip	Open office – Oowriter – Format – Flip. Flips the selected object horizontally, or vertically.	2014-09-27 10:20:26	2014-09-27 10:20:26
37457	21	1	Folder	Evolution – Mail – Folder. Contains the folder	2014-09-27 10:20:26	2014-09-27 10:20:26
37458	21	1	Fonts	Main menu – System - Preferences – Fonts. Opens the fonts folder.	2014-09-27 10:20:26	2014-09-27 10:20:26
37459	21	1	Footer	Open office – Oowriter – Insert – Footer. Inserting footer in a document.	2014-09-27 10:20:26	2014-09-27 10:20:26
37460	21	1	Footnotes	Open office – Oowriter – Insert – Footnotes. Inserting footnotes in a document.	2014-09-27 10:20:26	2014-09-27 10:20:26
37461	21	1	Form	Open office -Oocalc – Format – Form. In this dialog you can specify, among others, the data source and the events for the whole form.	2014-09-27 10:20:26	2014-09-27 10:20:26
37462	21	1	Format	Open office – Format. The Format menu contains commands for formatting selected cells and cell contents in your document.	2014-09-27 10:20:26	2014-09-27 10:20:26
37463	21	1	Formula	Open office – Oowriter - Insert - Object - Formula Inserts a formula into the current document	2014-09-27 10:20:26	2014-09-27 10:20:26
37464	21	1	Forward	Evolution – Mail – Message – Forward. Forwarding a selected message to somebody.	2014-09-27 10:20:26	2014-09-27 10:20:26
37465	21	1	Frame	Open office – Oowriter – Insert – Frame. Inserts a frame in a document.	2014-09-27 10:20:26	2014-09-27 10:20:26
37466	21	1	Freeze	Open office – Oocalc – Window – Freeze. Freezes the particular row or column.	2014-09-27 10:20:26	2014-09-27 10:20:26
37467	21	1	Full Screen	Firefox, Open office – View – Full screen. To view the application in full screen mode.	2014-09-27 10:20:26	2014-09-27 10:20:26
37468	21	1	Function	Open office -Oocalc – Insert – Function. Opens the Function Wizard, which helps you to interactively create formulas.	2014-09-27 10:20:26	2014-09-27 10:20:26
37469	21	1	Gallery	Open office -Oocalc – Tools – Gallery. Opens the Gallery, where you can select graphics and sounds to insert into your document.	2014-09-27 10:20:26	2014-09-27 10:20:26
37470	21	1	Graphics	Main menu – Graphics. Contains graphics application.	2014-09-27 10:20:26	2014-09-27 10:20:26
37471	21	1	Grid	Open office – Ooimpress – View – Grid. Sets the display properties of a grid.	2014-09-27 10:20:26	2014-09-27 10:20:26
37472	21	1	Group	Open office – Oowriter – Format – Group. Groups keep together selected objects, so that they can be moved or formatted as a single object.	2014-09-27 10:20:26	2014-09-27 10:20:26
37473	21	1	Guides	Open office – Oowriter – View – Guides. Specifies the display options for guides.	2014-09-27 10:20:26	2014-09-27 10:20:26
37474	21	1	Header	Open office – Oowriter – Insert – Header. Inserting header in a document.	2014-09-27 10:20:26	2014-09-27 10:20:26
37475	21	1	Help	It is the help menu for most of the application.	2014-09-27 10:20:26	2014-09-27 10:20:26
37476	21	1	Hibernate	Gdm – Hibernate. Hibernate the system.	2014-09-27 10:20:26	2014-09-27 10:20:26
37477	21	1	History	Firefox – History. The History menu contains a list of the most recently visited web sites and closed tabs.	2014-09-27 10:20:26	2014-09-27 10:20:26
37478	21	1	Home	Firefox – History – Home. Displays your home page.	2014-09-27 10:20:26	2014-09-27 10:20:26
37479	21	1	Hyperlink	Open office – Insert – Hyperlink. Inserts a hyperlink in a document.	2014-09-27 10:20:26	2014-09-27 10:20:26
37480	21	1	ImageMap	open office – oowriter – Edit – Image map. Allows you to attach URLs to specific areas, called hotspots, on a graphic or a group of graphics. An image map is a group of one or more hotspots	2014-09-27 10:20:26	2014-09-27 10:20:26
37481	21	1	Import	Evolution – File – Import. Imports something like files to the application.	2014-09-27 10:20:26	2014-09-27 10:20:26
37482	21	1	Inbox	Evolution – Mail – Inbox. Incoming mails are saved in this folder.	2014-09-27 10:20:26	2014-09-27 10:20:26
37483	21	1	Input Method	Main menu – System – Preferences – Input method. Configures the input method.	2014-09-27 10:20:26	2014-09-27 10:20:26
37484	21	1	Insert	Open office – Insert. This is the menu which you can insert some thing you need in a document.	2014-09-27 10:20:26	2014-09-27 10:20:26
37485	21	1	Interaction	Open office – Ooimpress – Slide show – Interaction. Defines how the selected object behaves when you click on it during a slide show.	2014-09-27 10:20:26	2014-09-27 10:20:26
37486	21	1	Internet	Main Menu – Internet. Contains Internet related applications.	2014-09-27 10:20:26	2014-09-27 10:20:26
37487	21	1	Junk	Evolution – Mail – Message – Mark as – Junk.	2014-09-27 10:20:26	2014-09-27 10:20:26
37488	21	1	Keyboard	Main menu - System – Preference – Keyboard. It is all about Keyboard setting.	2014-09-27 10:20:26	2014-09-27 10:20:26
37489	21	1	Language	Main menu - System – Administration – Language. It is all about Language setting.	2014-09-27 10:20:26	2014-09-27 10:20:26
37490	21	1	Launch	Gdm – launch.	2014-09-27 10:20:26	2014-09-27 10:20:26
37491	21	1	Layout	Evolution – View – Layout.	2014-09-27 10:20:26	2014-09-27 10:20:26
37492	21	1	Line	Open office – Ooimpress – Format – Line. Set the formatting options for the selected line or the line that you want to draw.	2014-09-27 10:20:26	2014-09-27 10:20:26
37493	21	1	Links	Open office – Edit – Links. Lets you edit the properties of each link in the current document, including the path to the source file.	2014-09-27 10:20:26	2014-09-27 10:20:26
37494	21	1	List	Evolution – Calendar - View – List.	2014-09-27 10:20:26	2014-09-27 10:20:26
37495	21	1	Macros	Open office – Tools – Macros. Lets you record or organize and edit macros.	2014-09-27 10:20:26	2014-09-27 10:20:26
37496	21	1	Master	Open office – Ooimpress – view – Master. Whether to view the master slide or notes slide.	2014-09-27 10:20:26	2014-09-27 10:20:26
37497	21	1	Message	Evolution – Mail - Message. This menu contains message related sub menus	2014-09-27 10:20:26	2014-09-27 10:20:26
37498	21	1	Month	Evolution – Calendar - View – Month.	2014-09-27 10:20:26	2014-09-27 10:20:26
37499	21	1	Mouse	Main menu - System – Preference – Mouse. It is all about mouse setting.	2014-09-27 10:20:26	2014-09-27 10:20:26
37500	21	1	Move	Right click on item in the panel and you can move them across the panel.	2014-09-27 10:20:26	2014-09-27 10:20:26
37501	21	1	Names	Open office –OO calc - Insert – Names. Allows you to name the different sections of your spreadsheet document.	2014-09-27 10:20:26	2014-09-27 10:20:26
37502	21	1	Navigator	Open office – View – Navigator – To hide or show the Navigator.	2014-09-27 10:20:26	2014-09-27 10:20:26
37503	21	1	Network	Nautilus – Go – Network. Goes to Network folder.	2014-09-27 10:20:26	2014-09-27 10:20:26
37504	21	1	New	Openoffice – File – New. Opens a new document.	2014-09-27 10:20:26	2014-09-27 10:20:26
37505	21	1	Next	Evolution – Message – Go – Next. Goes to the Next message.	2014-09-27 10:20:26	2014-09-27 10:20:26
37506	21	1	Normal	Open office – View – Normal. Views the document in normal mode	2014-09-27 10:20:26	2014-09-27 10:20:26
37507	21	1	Note	Open office – Insert – Note. Inserts a note to a document.	2014-09-27 10:20:26	2014-09-27 10:20:26
37508	21	1	Object	Open office – Insert – Object. Inserts an object to a document.	2014-09-27 10:20:26	2014-09-27 10:20:26
37509	21	1	Office	Main Menu – Office. It contain Office suite application	2014-09-27 10:20:26	2014-09-27 10:20:26
37510	21	1	Open	Open office – File – Open. Opens a file.	2014-09-27 10:20:26	2014-09-27 10:20:26
37511	21	1	Options	Open office – Tools – Options. Opens a dialog where you can find options to configure the settings	2014-09-27 10:20:26	2014-09-27 10:20:26
37512	21	1	Outbox	Evolution – Mail – Outbox. Outgoing mails are saved in this folder.	2014-09-27 10:20:26	2014-09-27 10:20:26
37513	21	1	Outline	Open office -Oocalc – Data – Outline. You can create an outline of your data.	2014-09-27 10:20:26	2014-09-27 10:20:26
37514	21	1	Page	Open office – Oowriter - Format – Page. Allows you to define page layouts for single and multiple-page documents, as well as a numbering and paper formats.	2014-09-27 10:20:26	2014-09-27 10:20:26
37515	21	1	Paragraph	Open office – oowriter - Format – Paragraph. Modifies the format of the current paragraph, such as indents and alignment.	2014-09-27 10:20:26	2014-09-27 10:20:26
37516	21	1	Password	Gdm – Password. Enter your password to login to your system.	2014-09-27 10:20:26	2014-09-27 10:20:26
37517	21	1	Paste	Open office, Firefox, Gedit... – Edit – Paste. Inserts the contents of the clipboard at the location of the cursor, and replaces any selected text or objects.	2014-09-27 10:20:26	2014-09-27 10:20:26
37518	21	1	Permissions	Evolution – File – Permissions. Selecting folder permissions on calendars, tasks, and contact folders.	2014-09-27 10:20:26	2014-09-27 10:20:26
37519	21	1	Personal	Evolution – Calendar – On this computer – Personal.	2014-09-27 10:20:26	2014-09-27 10:20:26
37520	21	1	Picture	Open office – Insert – Picture. Inserts picture from a file.	2014-09-27 10:20:26	2014-09-27 10:20:26
37521	21	1	Places	Main menu – System – Places.	2014-09-27 10:20:26	2014-09-27 10:20:26
37522	21	1	Plug-in	Open office – Oowriter – Insert – Object – Plug-in. Inserts a plug-in into the current document. A plug-in is a software component that extends the capabilities of a web browser.	2014-09-27 10:20:26	2014-09-27 10:20:26
37523	21	1	Points	Open office – Oowriter – Format – Graphics – Points. Switches Edit Points mode for an inserted freeform line on and off.	2014-09-27 10:20:26	2014-09-27 10:20:26
37524	21	1	Preferences	Main menu – System – Preferences. Contain some configuration/setting related things.	2014-09-27 10:20:26	2014-09-27 10:20:26
37525	21	1	Presentation	Main menu – Office – Presentation. Opens the presentation application.	2014-09-27 10:20:26	2014-09-27 10:20:26
37526	21	1	Preview	Firefox – File – Preview - Displays a preview of how the current document will appear when printed. It reflects the settings in the Page Setup dialog and the page author's intentions.	2014-09-27 10:20:26	2014-09-27 10:20:26
37527	21	1	Previous	Evolution – Message – Go – Previous. Goes to the previous message.	2014-09-27 10:20:26	2014-09-27 10:20:26
37528	21	1	Print	Firefox – File – Print. Displays the Print dialog, where you can specify the number of printed copies, etc. Click OK to print the page.	2014-09-27 10:20:26	2014-09-27 10:20:26
37529	21	1	Printing	Main menu – System – Administration – Printing. Configures Printing related things.	2014-09-27 10:20:26	2014-09-27 10:20:26
37530	21	1	Privacy	Pidgin – Tools – Privacy. Sets the privacy setting.	2014-09-27 10:20:26	2014-09-27 10:20:26
37531	21	1	Profiles	Terminal – Edit – Profiles. Edits the profile.	2014-09-27 10:20:26	2014-09-27 10:20:26
37532	21	1	Programming	Main menu – Programming. Contains some programming application to start.	2014-09-27 10:20:26	2014-09-27 10:20:26
37533	21	1	Properties	Right click on the panel and you find the panel properties. The function is same for nautilus, open office etc..	2014-09-27 10:20:27	2014-09-27 10:20:27
37534	21	1	Protect Cell	Open office – Oocalc – Format – Protect cell. Defines protection options for selected cells.	2014-09-27 10:20:27	2014-09-27 10:20:27
37535	21	1	Purge	Evolution – Calendar – Action – Purge. Permanently deleted the selected events.	2014-09-27 10:20:27	2014-09-27 10:20:27
37536	21	1	Quit	Evolution – file – Quit. Quits from the application.	2014-09-27 10:20:27	2014-09-27 10:20:27
37537	21	1	Redo	Firefox – Edit – Redo. Redoes the last Undo command.	2014-09-27 10:20:27	2014-09-27 10:20:27
37538	21	1	Registration	Open office – help – Registration. Register the product.	2014-09-27 10:20:27	2014-09-27 10:20:27
37539	21	1	Reload	Firefox – View – Reload. Gets the most up-to-date version of the current page.	2014-09-27 10:20:27	2014-09-27 10:20:27
37540	21	1	Rename	Nautilus – Edit – Rename. Rename the file name.	2014-09-27 10:20:27	2014-09-27 10:20:27
37541	21	1	Repeat	Open office – oowriter -Edit – Repeat. Repeats the last command.	2014-09-27 10:20:27	2014-09-27 10:20:27
37542	21	1	Replace	Gedit – Edit – Replace. Once find the text replace with other text.	2014-09-27 10:20:27	2014-09-27 10:20:27
37543	21	1	Reset	Terminal – terminal – Reset.	2014-09-27 10:20:27	2014-09-27 10:20:27
37544	21	1	Restart	Gdm – restart. Restarts the computer.	2014-09-27 10:20:27	2014-09-27 10:20:27
37545	21	1	Revert	Gedit – File – Revert. Revert the previous document.	2014-09-27 10:20:27	2014-09-27 10:20:27
37546	21	1	Row	Open office – Oowriter – Insert – Row. Inserting row in a table or spreadsheet.	2014-09-27 10:20:27	2014-09-27 10:20:27
37547	21	1	Ruler	Open office – Oowriter – View – Ruler. Whether to show or not the ruler.	2014-09-27 10:20:27	2014-09-27 10:20:27
37548	21	1	Save	Open office – File – save. Saves the document.	2014-09-27 10:20:27	2014-09-27 10:20:27
37549	21	1	Scenarios	Open office – Oocalc – Tools – Scenario. Defines a scenario for the selected sheet area.	2014-09-27 10:20:27	2014-09-27 10:20:27
37550	21	1	Screensaver	Main menu – System – Preferences – Screensaver. Configures the screensaver.	2014-09-27 10:20:27	2014-09-27 10:20:27
37551	21	1	Script	Open office – Oowriter – Insert – Script. Inserts a script.	2014-09-27 10:20:27	2014-09-27 10:20:27
37552	21	1	Search	Nautilus – Search. To search in document.	2014-09-27 10:20:27	2014-09-27 10:20:27
37553	21	1	Section	Open office – Oowriter - Insert – Section. Sets the properties of the section.	2014-09-27 10:20:27	2014-09-27 10:20:27
37554	21	1	Select	open office – Oowriter – Table – Select. Selects the table.	2014-09-27 10:20:27	2014-09-27 10:20:27
37555	21	1	Send	Open office – File – Send. Sends the document as email.	2014-09-27 10:20:27	2014-09-27 10:20:27
37556	21	1	Sent	Evolution – Mail – Sent. Sent message 'll be locate in sent folder.	2014-09-27 10:20:27	2014-09-27 10:20:27
37557	21	1	Services	Main menu – System – Administration – Services. Configures the services	2014-09-27 10:20:27	2014-09-27 10:20:27
37558	21	1	Sessions	Main menu – System - Preferences – Sessions. Configures the sessions	2014-09-27 10:20:27	2014-09-27 10:20:27
37559	21	1	Sheet	Open office -Oocalc – Insert – Sheet. Inserts a sheet in a document.	2014-09-27 10:20:27	2014-09-27 10:20:27
37560	21	1	Show	Evolution – Mail – Show. To show some options	2014-09-27 10:20:27	2014-09-27 10:20:27
37561	21	1	Sidebar	Firefox – View – Sidebar. The Sidebar can display your bookmarks or the browsing history.	2014-09-27 10:20:27	2014-09-27 10:20:27
37562	21	1	Slide	Open office -Ooimpress – Insert – slide. Inserts a slide in a presentation.	2014-09-27 10:20:27	2014-09-27 10:20:27
37563	21	1	Sort	Open office – Oocalc – Data – Sort. Sorts the selected rows according to the conditions that you specify.	2014-09-27 10:20:27	2014-09-27 10:20:27
37564	21	1	Spellcheck	Open office – Oowriter – Tools – Spellcheck. Checks the spelling.	2014-09-27 10:20:27	2014-09-27 10:20:27
37565	21	1	Split	Open office – Window – Split. Divides the current window at the top left corner of the active cell.	2014-09-27 10:20:27	2014-09-27 10:20:27
37566	21	1	Spreadsheet	Main menu – Office – Spreadsheet. Opens the spreadsheet application.	2014-09-27 10:20:27	2014-09-27 10:20:27
37567	21	1	Statusbar	Firefox – View – Status bar. Toggles the visibility of the status bar, located at the bottom of the window.	2014-09-27 10:20:27	2014-09-27 10:20:27
37568	21	1	Stop	Evolution – Contacts – Actions – Stop. It 'll stop the current action.	2014-09-27 10:20:27	2014-09-27 10:20:27
37569	21	1	Subscriptions	Evolution – Mail – Folder – Subscriptions.	2014-09-27 10:20:27	2014-09-27 10:20:27
37570	21	1	Subtotals	Open office -Oocalc – Data – Subtotal. Calculates subtotals for the columns that you select.	2014-09-27 10:20:27	2014-09-27 10:20:27
37571	21	1	Summary	Evolution – Task – summary. Summary of the tasks.	2014-09-27 10:20:27	2014-09-27 10:20:27
37572	21	1	Support	Open office – Help – Support. You can contact the open office support.	2014-09-27 10:20:27	2014-09-27 10:20:27
37573	21	1	Suspend	Gdm – Suspend. System 'll go to suspend mode.	2014-09-27 10:20:27	2014-09-27 10:20:27
37574	21	1	System	Main menu – System. Contains system related applications.	2014-09-27 10:20:27	2014-09-27 10:20:27
37575	21	1	Table	Open office – Oowriter – Table. This menu contains table related items.	2014-09-27 10:20:27	2014-09-27 10:20:27
37576	21	1	Tasks	Evolution – Tasks. You can organize your tasks here.	2014-09-27 10:20:27	2014-09-27 10:20:27
37577	21	1	Templates	Open office – File – Templates. You can organize your template here.	2014-09-27 10:20:27	2014-09-27 10:20:27
37578	21	1	Terminal	Main menu – System tools – Terminal. Opens the terminal.	2014-09-27 10:20:27	2014-09-27 10:20:27
37579	21	1	Text	Open office – Ooimpress – Format – Text. Formatting the text.	2014-09-27 10:20:27	2014-09-27 10:20:27
37580	21	1	Themes	Firefox – Tools – Themes. Your can select and set your theme for your browser.	2014-09-27 10:20:27	2014-09-27 10:20:27
37581	21	1	Toolbars	Open office – View – Toolbars. Shows or hide the toolbar in the application.	2014-09-27 10:20:27	2014-09-27 10:20:27
37582	21	1	Tools	Firefox – Tools. This menu contains some tools for the application.	2014-09-27 10:20:27	2014-09-27 10:20:27
37583	21	1	Trash	Nautilus – Go – Trash. Goes to Trash folder.	2014-09-27 10:20:27	2014-09-27 10:20:27
37584	21	1	Type	Open office – Insert – Indexes and tables – Type. Select the type of index that you want to insert.	2014-09-27 10:20:27	2014-09-27 10:20:27
37585	21	1	Undo	Firefox – Edit – Undo. Undoes the last action in a text field.	2014-09-27 10:20:27	2014-09-27 10:20:27
37586	21	1	Unmatched	Evolution – Mail – Search folder – Unmatched.	2014-09-27 10:20:27	2014-09-27 10:20:27
37587	21	1	Untitled	Open office – Window – Untitled. The file which is not having file name or new file.	2014-09-27 10:20:27	2014-09-27 10:20:27
37588	21	1	Update	Open office – Oowriter – Tools – update. Updates items in the current document that have dynamic contents, so as fields and indexes.	2014-09-27 10:20:27	2014-09-27 10:20:27
37589	21	1	Validity	Open office – Oocalc – Data – Validity. Defines what data is valid for a selected cell or cell range.	2014-09-27 10:20:27	2014-09-27 10:20:27
37590	21	1	Versions	Open office – File versions. Saves and organizes multiple versions of the current document in the same file. You can also open, delete, and compare previous versions.	2014-09-27 10:20:27	2014-09-27 10:20:27
37591	21	1	View	Open office – View. Specifies the available display modes.	2014-09-27 10:20:27	2014-09-27 10:20:27
37592	21	1	Week	Evolution – Calendar – View – Week.	2014-09-27 10:20:27	2014-09-27 10:20:27
37593	21	1	Window	Open office – Window. Organizes the window.	2014-09-27 10:20:27	2014-09-27 10:20:27
37594	21	1	Wizards	Open office – File – Wizards - Guides you through creating business and personal letters, faxes, agendas, presentations, and more.	2014-09-27 10:20:27	2014-09-27 10:20:27
37595	21	1	Wrap	Open office – Oowriter – Format – Wrap. Contains text wrap options	2014-09-27 10:20:27	2014-09-27 10:20:27
37596	21	1	Zoom	Open office – View – Zoom. Specifies the current page display zoom factor.	2014-09-27 10:20:27	2014-09-27 10:20:27
37597	21	1	About GNOME	Main Menu - About GNOME	2014-09-27 10:20:27	2014-09-27 10:20:27
37598	21	1	About Me	Main menu - System – preference – about me. It is giving user information of a system.	2014-09-27 10:20:27	2014-09-27 10:20:27
37599	21	1	About Mozilla Firefox	About Mozilla Firefox	2014-09-27 10:20:27	2014-09-27 10:20:27
37600	21	1	About Panels	Right click on panel and it is about the panel	2014-09-27 10:20:27	2014-09-27 10:20:27
37601	21	1	Add Bookmark	Nautilus - Bookmark – Add bookmark. Adding bookmark	2014-09-27 10:20:27	2014-09-27 10:20:27
37602	21	1	Add Buddy	Pidgin - Adding buddies in Chat application	2014-09-27 10:20:27	2014-09-27 10:20:27
37603	21	1	Add Chat	Pidgin – Adding Chat in Chat application	2014-09-27 10:20:27	2014-09-27 10:20:27
37604	21	1	Add Group	Pidgin – Adding Group in Chat application	2014-09-27 10:20:27	2014-09-27 10:20:27
37605	21	1	Add/Edit	Pidgin – Account – Add/edit. Add or edit an account.	2014-09-27 10:20:27	2014-09-27 10:20:27
37606	21	1	Address Book	Evolution – Mail – New – Address Book.	2014-09-27 10:20:27	2014-09-27 10:20:27
37607	21	1	Advanced Search	Evolution – Search – Advanced search. Searching mails in advanced level by setting rules	2014-09-27 10:20:27	2014-09-27 10:20:27
37608	21	1	Animated Image	Open office – Ooimpress – Insert – Animated Image. Inserts a animation in the presentation.	2014-09-27 10:20:27	2014-09-27 10:20:27
37609	21	1	Any Category	Evolution – Mail – show - Any category.	2014-09-27 10:20:27	2014-09-27 10:20:27
37610	21	1	Archive Manager	Main menu – Accessories – Archive manager. Opens the archive manager.	2014-09-27 10:20:27	2014-09-27 10:20:27
37611	21	1	Arrange Items	Nautilus – View – Arrange Items. Arranges files and folder in the selected way.	2014-09-27 10:20:27	2014-09-27 10:20:27
37612	21	1	Assign Task	Evolution – Task – Action – Assign task. Assigns a task.	2014-09-27 10:20:27	2014-09-27 10:20:27
37613	21	1	Autocheck Spelling	Gedit – Tools - Autocheck Spelling. Automatically check the spelling.	2014-09-27 10:20:27	2014-09-27 10:20:27
37614	21	1	Bibliography Database	Open office – Oowriter – Tools - Bibliography Database. Insert, delete, edit, and organize records in the bibliography database.	2014-09-27 10:20:27	2014-09-27 10:20:27
37615	21	1	Bibliography Entry	Open office – Oowriter – Edit - Bibliography Entry. To edit bibliography entry.	2014-09-27 10:20:27	2014-09-27 10:20:27
37616	21	1	Bottom Pane	Gedit – view – Bottom pane. To view the bottom pane.	2014-09-27 10:20:27	2014-09-27 10:20:27
37617	21	1	Browse Folders	Nautilus – Browse folders	2014-09-27 10:20:27	2014-09-27 10:20:27
37618	21	1	Buddy Pounces	Pidgin – Tools – Buddy pounces. Buddy pounce is much like a macro, or a recorded action. When you set a pounce on someone, you can choose from a number of events, such as sign on or status change, and then you choose from a number of actions.	2014-09-27 10:20:27	2014-09-27 10:20:27
37619	21	1	By Company	Evolution – Contacts – View – Current view – By company.	2014-09-27 10:20:28	2014-09-27 10:20:28
37620	21	1	Can't Restore	Open office -Edit - Can't Restore. In a new document there is nothing to restore.	2014-09-27 10:20:28	2014-09-27 10:20:28
37621	21	1	Can't Undo	Open office -Edit - Can't Undo. n a new document there is nothing to undo.	2014-09-27 10:20:28	2014-09-27 10:20:28
37622	21	1	Caret Mode	Evolution – Mail – View – Caret mode. Click this option if you would like see a caret or cursor in the Yelp Browser Pane. This allows you to browse the document more easily by showing where the cursor is located in the document.	2014-09-27 10:20:28	2014-09-27 10:20:28
37623	21	1	CD Player	Main menu – Sound & video -CD Player. Opens CD Player application.	2014-09-27 10:20:28	2014-09-27 10:20:28
37624	21	1	Cell Contents	Open office – OOcalc – Tools – Cell contents. Opens a submenu with commands to calculate tables and activate AutoInput.	2014-09-27 10:20:28	2014-09-27 10:20:28
37625	21	1	Change Case	Open office – Oowriter – Format – Change case. Changes the case of the selected characters, or if the cursor is in a word, changes the case of all of the characters in the word.	2014-09-27 10:20:28	2014-09-27 10:20:28
37626	21	1	Change Language	Gdm – To change the language of the system.	2014-09-27 10:20:28	2014-09-27 10:20:28
37627	21	1	Change Profile	Terminal – Edit – Change profile. With some option you can change the profile.	2014-09-27 10:20:28	2014-09-27 10:20:28
37628	21	1	Change Session	Gdm – To change the session of the system.	2014-09-27 10:20:28	2014-09-27 10:20:28
37629	21	1	Character Encoding	Firefox – View – Character encoding. Allows you to manually change the character encoding on a web page. Firefox usually does this automatically.	2014-09-27 10:20:28	2014-09-27 10:20:28
37630	21	1	Character Map	Main Menu – Accessories – Character Map. Opens the character map.	2014-09-27 10:20:28	2014-09-27 10:20:28
37631	21	1	Check Spelling	Gedit – Tools - Check Spelling. Checks the spelling in the document.	2014-09-27 10:20:28	2014-09-27 10:20:28
37632	21	1	Clear Highlight	Gedit – Search - Clear Highlight.	2014-09-27 10:20:28	2014-09-27 10:20:28
37633	21	1	Clear Private Data	Firefox – Tools – Clear private Data. Allows you to erase your browsing history, temporarily stored files, cookies, and other private data	2014-09-27 10:20:28	2014-09-27 10:20:28
37634	21	1	Close All	Gedit – Document – Close All. Closes all the documents.	2014-09-27 10:20:28	2014-09-27 10:20:28
37635	21	1	Close Tab	Terminal – File – Close Tab. Closes the tab.	2014-09-27 10:20:28	2014-09-27 10:20:28
37636	21	1	Close Window	Terminal – File – Close window. Closes the window.	2014-09-27 10:20:28	2014-09-27 10:20:28
37637	21	1	Color/Grayscale	Open office – Oodraw – View – Color/Grayscale.	2014-09-27 10:20:28	2014-09-27 10:20:28
37638	21	1	Compare Documents	Open office – Oowriter – Edit - Compare Documents. Compares the current document with a document that you select.	2014-09-27 10:20:28	2014-09-27 10:20:28
37639	21	1	Conditional Formatting	Open office – Oowriter - Format – Conditional Formatting. Choose Conditional Formatting to define format styles depending on certain conditions.	2014-09-27 10:20:28	2014-09-27 10:20:28
37640	21	1	Configuration Editor	Main Menu – System tools – Configuration Editor. Opens the configuration Editor.	2014-09-27 10:20:28	2014-09-27 10:20:28
37641	21	1	Connection Information	Gdm – Connection Information. Shows the network connection information.	2014-09-27 10:20:28	2014-09-27 10:20:28
37642	21	1	Convert to Task	Evolution – Task - Convert to Task	2014-09-27 10:20:28	2014-09-27 10:20:28
37643	21	1	Create Document	Right click on the desktop – Create Document. Creates a document on the desktop.	2014-09-27 10:20:28	2014-09-27 10:20:28
37644	21	1	Create Folder	Right click on the desktop – Create Folder. Creates a folder on the desktop.	2014-09-27 10:20:28	2014-09-27 10:20:28
37645	21	1	Create Launcher	Right click on the desktop – Create Launcher. Creates a launcher of any application on the desktop.	2014-09-27 10:20:28	2014-09-27 10:20:28
37646	21	1	Create Rule	Evolution – Mail – Message – Create rule. Creates filter rule for message.	2014-09-27 10:20:28	2014-09-27 10:20:28
37647	21	1	Cross-reference	Open office – Oowriter – Insert – Cross-reference. Cross-references allow you to jump to specific text passages and objects in a single document. A cross-reference consists of a target and a reference that are inserted as fields in the document.	2014-09-27 10:20:28	2014-09-27 10:20:28
37648	21	1	Current Locale	Terminal – View – current locale	2014-09-27 10:20:28	2014-09-27 10:20:28
37649	21	1	Current Profile	Terminal – View – current profile	2014-09-27 10:20:28	2014-09-27 10:20:28
37650	21	1	Current View	Evolution – Mail – View – Current view. Shows the current view option	2014-09-27 10:20:28	2014-09-27 10:20:28
37651	21	1	Custom Animation	Open office – Ooimpress – Slide show – Custom animation.	2014-09-27 10:20:28	2014-09-27 10:20:28
37652	21	1	Day View	Evolution – Mail – View – Current view – Day view. Shows the day view	2014-09-27 10:20:28	2014-09-27 10:20:28
37653	21	1	Debug Window	Pidgin – Help – Debug window.	2014-09-27 10:20:28	2014-09-27 10:20:28
37654	21	1	Default Formatting	Open office – Oowriter – Format – Default Formatting. Removes direct formatting and formatting by character styles from the selection.	2014-09-27 10:20:28	2014-09-27 10:20:28
37655	21	1	Default Printer	Main menu – System – Preferences – Default Printer. Configure the Default printer.	2014-09-27 10:20:28	2014-09-27 10:20:28
37656	21	1	Define Range	Open office – Oocalc - Data – Define Range. Defines data range.	2014-09-27 10:20:28	2014-09-27 10:20:28
37657	21	1	Define Views	Evolution – View – Define views.	2014-09-27 10:20:28	2014-09-27 10:20:28
37658	21	1	Delete Cells	Open office -Oocalc – Edit – Delete Cells. Deletes the selected cells	2014-09-27 10:20:28	2014-09-27 10:20:28
37659	21	1	Delete Contents	Open office -Oocalc – Edit – Delete Contents. Deletes the selected cells content only.	2014-09-27 10:20:28	2014-09-27 10:20:28
37660	21	1	Delete Message	Evolution – mail – Message – Delete message . Deletes the selected messages.	2014-09-27 10:20:28	2014-09-27 10:20:28
37661	21	1	Delete Slide	Open office – Ooimpress – Edit - Delete Slide. Deletes the selected slide.	2014-09-27 10:20:28	2014-09-27 10:20:28
37662	21	1	Desktop Background	Main Menu – System - Preferences – Desktop Background. Setting up the desktop background.	2014-09-27 10:20:28	2014-09-27 10:20:28
37663	21	1	Desktop Effects	Main Menu – System - Preferences – Desktop Effects. Setting up the desktop Effects.	2014-09-27 10:20:28	2014-09-27 10:20:28
37664	21	1	Detach Tab	Terminal – Tabs – Detach Tab. Detaches the current tab.	2014-09-27 10:20:28	2014-09-27 10:20:28
37665	21	1	Digital Signatures	Open office – File – Digital signatures. Adds and removes digital signatures to and from your document. You can also use the dialog to view certificates.	2014-09-27 10:20:28	2014-09-27 10:20:28
37666	21	1	Document Statistics	Gedit – Tools – Document statistics. Shows the statistic of the Document.	2014-09-27 10:20:28	2014-09-27 10:20:28
37667	21	1	DOM Inspector	It is an addon for firefox.	2014-09-27 10:20:28	2014-09-27 10:20:28
37668	21	1	Duplicate Slide	Open office -Ooimpress – Insert – Duplicate slide. Inserts a Duplicate slide in a presentation.	2014-09-27 10:20:28	2014-09-27 10:20:28
37669	21	1	Edit Bookmarks	Nautilus - Bookmark – Edit bookmarks. Editing bookmark	2014-09-27 10:20:28	2014-09-27 10:20:28
37670	21	1	Empty Presentation	Open office – Ooimpress – Empty presentation. To open a empty presentation.	2014-09-27 10:20:28	2014-09-27 10:20:28
37671	21	1	Empty Trash	Evolution – Mail – File – Empty Trash. Empty the Trash folder.	2014-09-27 10:20:28	2014-09-27 10:20:28
37672	21	1	Enable Networking	Gdm – Enable Networking. To enable the available network.	2014-09-27 10:20:28	2014-09-27 10:20:28
37673	21	1	Exchange Database	Open office – Edit – Exchange database.	2014-09-27 10:20:28	2014-09-27 10:20:28
37674	21	1	Expand Slide	Open office -Ooimpress – Insert – Expand slide.	2014-09-27 10:20:28	2014-09-27 10:20:28
37675	21	1	Failsafe Terminal	Gdm – Fail safe terminal.	2014-09-27 10:20:28	2014-09-27 10:20:28
37676	21	1	Field Names	Open office – Oowriter – View – Field names. Shows the field names.	2014-09-27 10:20:28	2014-09-27 10:20:28
37677	21	1	Field Shadings	Open office – Oowriter – View – Field shadings. Show or hide the field shadings.	2014-09-27 10:20:28	2014-09-27 10:20:28
37678	21	1	File Browser	Main Menu – System tools – File Browser. Opens the file browser.	2014-09-27 10:20:28	2014-09-27 10:20:28
37679	21	1	File Management	Main menu - System – preference – File management. Configures the file management.	2014-09-27 10:20:28	2014-09-27 10:20:28
37680	21	1	File Transfers	Pidgin – Tools – File transfers.	2014-09-27 10:20:28	2014-09-27 10:20:28
37681	21	1	Find Again	Firefox – Edit – Find again. Searches for the next occurrence of the text specified when using the Find in This Page… command.	2014-09-27 10:20:28	2014-09-27 10:20:28
37682	21	1	Find Next	Gedit – Search – Find next. Find the next word.	2014-09-27 10:20:28	2014-09-27 10:20:28
37683	21	1	Find Now	Evolution – Mail – Search – Find now.	2014-09-27 10:20:28	2014-09-27 10:20:28
37684	21	1	Find Previous	Gedit – Search – Find Previous. Find the Previous word.	2014-09-27 10:20:28	2014-09-27 10:20:28
37685	21	1	Floating Frame	Open office – Oowriter - Insert – Floating Frame. Inserts a floating frame into the current document.	2014-09-27 10:20:28	2014-09-27 10:20:28
37686	21	1	Forget Passwords	Evolution – File - Forget Passwords. Reset all the passwords which are remembered.	2014-09-27 10:20:28	2014-09-27 10:20:28
37687	21	1	Formatting Mark	Open office – Oowriter – Insert – Formatting mark. Opens a submenu to insert special formatting marks	2014-09-27 10:20:28	2014-09-27 10:20:28
37688	21	1	Formula Bar	Open office – Oocalc – View – Formula bar. Shows or hides the Formula Bar, which is used for entering and editing formulas.	2014-09-27 10:20:28	2014-09-27 10:20:28
37689	21	1	Forward As	Evolution – Mail – Message – Forward As.	2014-09-27 10:20:28	2014-09-27 10:20:28
37690	21	1	Forward Contact	Evolution – Contact – Action – Forward contact.	2014-09-27 10:20:28	2014-09-27 10:20:28
37691	21	1	From Template	Open office – Oowriter – File – From template.	2014-09-27 10:20:28	2014-09-27 10:20:28
37692	21	1	Function List	Open office – Oocalc – Insert – Function list.	2014-09-27 10:20:28	2014-09-27 10:20:28
37693	21	1	Glue Points	Open office – Ooimpress – View – Toolbar – Glue points. Shows the Glue point toolbar.	2014-09-27 10:20:28	2014-09-27 10:20:28
37694	21	1	Go to	Evolution – Mail – Message – Go To. Goes through the messeges.	2014-09-27 10:20:28	2014-09-27 10:20:28
37695	21	1	Goal Seek	Open office – Oocalc – Tools – Goal seek. Opens a dialog where you can solve an equation with a variable.	2014-09-27 10:20:28	2014-09-27 10:20:28
37696	21	1	Handout Page	Open office – Ooimpress – View – Handout page. View the slides as handout page.	2014-09-27 10:20:28	2014-09-27 10:20:28
37697	21	1	Help Contents	Firefox – Help – Help contents. Shows the help of the application.	2014-09-27 10:20:28	2014-09-27 10:20:28
37698	21	1	Hidden Paragraphs	Open office – oowriter – View - Hidden Paragraphs. To view the paragraphs which are hidden.	2014-09-27 10:20:28	2014-09-27 10:20:28
37699	21	1	Highlight Mode	Gedit – View – Highlight mode.	2014-09-27 10:20:28	2014-09-27 10:20:28
37700	21	1	Home Folder	Main menu – Place – Home folder. Opens the Home folder in nautilus	2014-09-27 10:20:28	2014-09-27 10:20:28
37701	21	1	Horizontal Ruler	Open office – Oowriter – View Horizontal ruler.	2014-09-27 10:20:28	2014-09-27 10:20:28
37702	21	1	Index Entry	open office – oowriter – Insert – Index entry. Inserts an index or a table of contents at the current cursor position.	2014-09-27 10:20:28	2014-09-27 10:20:28
37703	21	1	Interactive Search	Gedit – Search – Interactive search.	2014-09-27 10:20:28	2014-09-27 10:20:28
37704	21	1	Internet Messenger	Main menu – Internet – Internet messenger. Opens the Internet messenger application.	2014-09-27 10:20:28	2014-09-27 10:20:28
37705	21	1	JavaScript Console	This is a firefox addon.	2014-09-27 10:20:28	2014-09-27 10:20:28
37706	21	1	Keep Aligned	Right click on the desktop – Keep Aligned. This 'll arrange the icons aligned.	2014-09-27 10:20:28	2014-09-27 10:20:28
37707	21	1	Keyboard Shortcuts	Menu – System – Preference. Keyboard shortcuts.	2014-09-27 10:20:28	2014-09-27 10:20:28
37708	21	1	Keyring Manager	Main menu – Accessories – Keyring manager. Manages the password for your system.	2014-09-27 10:20:28	2014-09-27 10:20:28
37709	21	1	Last Session	Gdm – Last session. Restores the last session.	2014-09-27 10:20:29	2014-09-27 10:20:29
37710	21	1	Line Numbering	open office – oowriter – Tools – Line Numbering. Adds or removes and formats line numbers in the current document.	2014-09-27 10:20:29	2014-09-27 10:20:29
37711	21	1	List View	Evolution – Calendar – View – Current View – List View.	2014-09-27 10:20:29	2014-09-27 10:20:29
37712	21	1	Load Images	Evolution – Mail – View – Load images.	2014-09-27 10:20:29	2014-09-27 10:20:29
37713	21	1	Login Screen	Main menu – System - Preferences – Login screen. Settings of login screen.	2014-09-27 10:20:29	2014-09-27 10:20:29
37714	21	1	Mailing List	Evolution – mail – Messages - Mailing List.	2014-09-27 10:20:29	2014-09-27 10:20:29
37715	21	1	Make Links	Nautilus – Edit – Make links. Make a shortcut of a selected file or folder.	2014-09-27 10:20:29	2014-09-27 10:20:29
37716	21	1	Manage Bookmarks	Firefox – Bookmark – Manage Bookmarks. Displays the Library, a window where you can modify your bookmarks. You can sort, rename and change the properties for your bookmarks as well as add, remove, and move them.	2014-09-27 10:20:29	2014-09-27 10:20:29
37717	21	1	Manual Break	Open office – Oowriter – Insert – Manual break. Inserts a manual page break in the document.	2014-09-27 10:20:29	2014-09-27 10:20:29
37718	21	1	Mark As	Evolution – Mail – Messages – Mark as.	2014-09-27 10:20:29	2014-09-27 10:20:29
37719	21	1	Media Player	Open office – Oowriter – Tools – media player - Opens the Media Player window where you can preview movie and sound files as well as insert these files into the current document.	2014-09-27 10:20:29	2014-09-27 10:20:29
37720	21	1	Menu Layout	Main menu – System - Preferences – Menu layout.	2014-09-27 10:20:29	2014-09-27 10:20:29
37721	21	1	Merge Cell	Open office – Oocalc- Format – Merge cells. Combines the selected cells into a single cell or splits merged cells.	2014-09-27 10:20:29	2014-09-27 10:20:29
37722	21	1	Merge Table	Open office – Oowriter – Table – Merge Table. Combines the selected table into one.	2014-09-27 10:20:29	2014-09-27 10:20:29
37723	21	1	Message Filters	Evolution – Mail – Edit – Message Filters.	2014-09-27 10:20:29	2014-09-27 10:20:29
37724	21	1	Message Source	Evolution – Mail – View – Message source. Shows the message source.	2014-09-27 10:20:29	2014-09-27 10:20:29
37725	21	1	Month View	Evolution – Calender – View – current - Month view.	2014-09-27 10:20:29	2014-09-27 10:20:29
37726	21	1	More Preferences	Main menu – System – Preferences – More preferences.	2014-09-27 10:20:29	2014-09-27 10:20:29
37727	21	1	Multiple Operations	open office – Oocalc - Data – Multiple operations. Applies the same formula to different cells, but with different parameter values.	2014-09-27 10:20:29	2014-09-27 10:20:29
37728	21	1	Mute Sounds	Pidgin – Tools – Mute sounds. Mutes the alert sounds.	2014-09-27 10:20:29	2014-09-27 10:20:29
37729	21	1	Network Proxy	Main menu – system – Preferences – Network proxy. Configures the network proxy.	2014-09-27 10:20:29	2014-09-27 10:20:29
37730	21	1	Network Servers	Main menu – system – Preferences – Network Servers. Configures the network Servers.	2014-09-27 10:20:29	2014-09-27 10:20:29
37731	21	1	New Message	Evolution – Mail – File – New message.	2014-09-27 10:20:29	2014-09-27 10:20:29
37732	21	1	New Panel	Right click on the panel and you can add a new panel.	2014-09-27 10:20:29	2014-09-27 10:20:29
37733	21	1	New Profile	Terminal – File – New Profile. Assigns a new profile	2014-09-27 10:20:29	2014-09-27 10:20:29
37734	21	1	New Tab	Firefox – File – New Tab. Opens a new browser tab in the current Firefox window.	2014-09-27 10:20:29	2014-09-27 10:20:29
37735	21	1	New Window	Open office – Window – New window. Opens a new window of the same document.	2014-09-27 10:20:29	2014-09-27 10:20:29
37736	21	1	Next Document	Gedit – Document – Next Document. Go to the next document.	2014-09-27 10:20:29	2014-09-27 10:20:29
37737	21	1	Next Tab	Terminal – Tab - Next Tab. Go to the next tab.	2014-09-27 10:20:29	2014-09-27 10:20:29
37738	21	1	Nonprinting Characters	Open office – oowriter – View - View - Nonprinting Characters. Shows nonprinting characters in your text, such as paragraph marks, line breaks, tab stops, and spaces.	2014-09-27 10:20:29	2014-09-27 10:20:29
37739	21	1	Normal Size	Terminal – View - Normal Size. Shows the terminal in normal size.	2014-09-27 10:20:29	2014-09-27 10:20:29
37740	21	1	Notes Page	Open office – Ooimpress – View – Notes Page. Shows in notes page.	2014-09-27 10:20:29	2014-09-27 10:20:29
37741	21	1	Number Format	Open office -Oowriter- Table – Number format. Open a dialog where you can specifiy the format of numbers in the table.	2014-09-27 10:20:29	2014-09-27 10:20:29
37742	21	1	Online Help	Pidgin – Help – Online help. Provide online help.	2014-09-27 10:20:29	2014-09-27 10:20:29
37743	21	1	Open File	Firefox – File – Open file. Displays an Open File dialog where you can select a file from your local disks or network.	2014-09-27 10:20:29	2014-09-27 10:20:29
37744	21	1	Open Location	Firefox – File – Open location. Focuses on the Firefox URL bar so you can type in a new location to visit.	2014-09-27 10:20:29	2014-09-27 10:20:29
37745	21	1	Open Parent	Nautilus – Go – open Parent. Up to one level in the folder	2014-09-27 10:20:29	2014-09-27 10:20:29
37746	21	1	Open Tab	Terminal – File – Open Tab. Opens a new tab.	2014-09-27 10:20:29	2014-09-27 10:20:29
37747	21	1	Open Terminal	Nautilus – File – Open terminal. Open the current location on the terminal.	2014-09-27 10:20:29	2014-09-27 10:20:29
37748	21	1	Outline Numbering	Open office -oowriter – Tools - Outline Numbering. You can modify the heading hierarchy or assign a level in the hierarchy to a custom paragraph style.	2014-09-27 10:20:29	2014-09-27 10:20:29
37749	21	1	Package Manager	Main menu – System tools – Package manager.	2014-09-27 10:20:29	2014-09-27 10:20:29
37750	21	1	Page Info	Firefox – Tools – Page Info. Displays extensive information about the current web page, such as the document type, encoding, size, and security information.	2014-09-27 10:20:29	2014-09-27 10:20:29
37751	21	1	Page Number	Open office – oowriter – Insert – Page name. Inserts the page number in the doucment.	2014-09-27 10:20:29	2014-09-27 10:20:29
37752	21	1	Page Preview	Open office – File – Page preview. Displays a preview of the printed page or closes the preview.	2014-09-27 10:20:29	2014-09-27 10:20:29
37753	21	1	Page Setup	Firefox – File – Page setup. Displays a Page Setup dialog where you can specify printing settings such as margins, headers and footers, and page orientation.	2014-09-27 10:20:29	2014-09-27 10:20:29
37754	21	1	Page Source	Firefox – View – Page source. Displays the source code for the current document.	2014-09-27 10:20:29	2014-09-27 10:20:29
37755	21	1	Page Style	Firefox – View – Page style. Allows you to select a style for the current web page. By default, Basic Page Style is selected unless the author specifies a different default.	2014-09-27 10:20:29	2014-09-27 10:20:29
37756	21	1	PalmOS Devices	Main menu - System – preference – PalmOS Devices.	2014-09-27 10:20:29	2014-09-27 10:20:29
37757	21	1	Paste Special	Open office – Edit – Paste Special. Inserts the contents of the clipboard into the current file in a format that you can specify.	2014-09-27 10:20:29	2014-09-27 10:20:29
37758	21	1	Phone List	Evolution – New – Phone list.	2014-09-27 10:20:29	2014-09-27 10:20:29
37759	21	1	Power Management	Main menu - System – preference – Power management. Configures the power management.	2014-09-27 10:20:29	2014-09-27 10:20:29
37760	21	1	Preferred Applications	Main menu - System – preference – Preferred Application. Configures the preferred applications.	2014-09-27 10:20:29	2014-09-27 10:20:29
37761	21	1	Presentation Wizard	Open office – Ooimpress – File – Presentation Wizard. To create a presentation using this wizard	2014-09-27 10:20:29	2014-09-27 10:20:29
37762	21	1	Previous Document	Gedit – Document - Previous Document. Go to the previous document.	2014-09-27 10:20:29	2014-09-27 10:20:29
37763	21	1	Previous Tab	Terminal – Tab - Previous Tab. Go to the Previous tab.	2014-09-27 10:20:29	2014-09-27 10:20:29
37764	21	1	Print Layout	Open office – oowriter – View – Print layout. Show the print layout.	2014-09-27 10:20:29	2014-09-27 10:20:29
37765	21	1	Print Preview	Open office – File – Print preview. Displays a preview of how the current document will appear when printed. It reflects the settings in the Page Setup dialog and the page author's intentions.	2014-09-27 10:20:29	2014-09-27 10:20:29
37766	21	1	Print Ranges	Open office – Oocalc – Format – Print Ranges. Defines the print range for the current document.	2014-09-27 10:20:29	2014-09-27 10:20:29
37767	21	1	Printer Settings	Open office – File – Printer settings. Select the default printer for the current document.	2014-09-27 10:20:29	2014-09-27 10:20:29
37768	21	1	Project Management	Main menu – Office – Project management. Opens Project management application.	2014-09-27 10:20:29	2014-09-27 10:20:29
37769	21	1	Protect Document	Open office – Oocalc – Tools – Protect Document.	2014-09-27 10:20:29	2014-09-27 10:20:29
37770	21	1	Quick Reference	Evolution – Help – Quick reference. A PDF help.	2014-09-27 10:20:29	2014-09-27 10:20:29
37771	21	1	Read Mail	It is a firefox addon	2014-09-27 10:20:29	2014-09-27 10:20:29
37772	21	1	Recent Documents	Open office – File – Recent Documents. Lists the most recently opened files.	2014-09-27 10:20:29	2014-09-27 10:20:29
37773	21	1	Refresh Range	Open office – Oocalc – Data – Refresh Range. Updates a data range that was inserted from an external database.	2014-09-27 10:20:29	2014-09-27 10:20:29
37774	21	1	Rehearse Timings	Open office – Slide show – Rehearse Timings. Assists you in defining the right rehearse timings for automatic slide changes.	2014-09-27 10:20:29	2014-09-27 10:20:29
37775	21	1	Remote Desktop	Main menu - System – preferences – Remote Desktop. Configures the remote desktop.	2014-09-27 10:20:29	2014-09-27 10:20:29
37776	21	1	Room List	Pidgin – Tools – Room list. To get the list of room for chat.	2014-09-27 10:20:29	2014-09-27 10:20:29
37777	21	1	Root Password	Main menu - System – preferences – Root Password.	2014-09-27 10:20:29	2014-09-27 10:20:29
37778	21	1	Save All	Open office – File – Save all. Saves all open OpenOffice.org documents. This command is only available if two or more files have been modified.	2014-09-27 10:20:29	2014-09-27 10:20:29
37779	21	1	Save As	Open office – File – Save as. Saves the current document in a different location, or with a different file name or file type.	2014-09-27 10:20:29	2014-09-27 10:20:29
37780	21	1	Save Search	Evolution – Mail – Search – Save search.	2014-09-27 10:20:29	2014-09-27 10:20:29
37781	21	1	Scanner Tool	Main menu - System – preferences – Scanner Tool.	2014-09-27 10:20:29	2014-09-27 10:20:29
37782	21	1	Screen Resolution	Main menu - System – preferences – Screen resolution. Configures the screen resolution.	2014-09-27 10:20:29	2014-09-27 10:20:29
37783	21	1	Search Folders	Evolution – Mail – Edit – Search folders.	2014-09-27 10:20:29	2014-09-27 10:20:29
37784	21	1	Select All	Open office – Edit – Select all. Select all in the document.	2014-09-27 10:20:29	2014-09-27 10:20:29
37785	21	1	Select Date	Evolution – calendar - View – Select date.	2014-09-27 10:20:29	2014-09-27 10:20:29
37786	21	1	Select Pattern	Nautilus – Edit – Select pattern. You can select pattern for the background.	2014-09-27 10:20:29	2014-09-27 10:20:29
37787	21	1	Select Range	Open office – Oocalc – Data – Select Range. Selects a database range that you defined under Data - Define Range.	2014-09-27 10:20:29	2014-09-27 10:20:29
37788	21	1	Select Text	Open office – oowriter – Edit – Select text. You can enable a selection cursor in a read-only text document or in the Help.	2014-09-27 10:20:29	2014-09-27 10:20:29
37789	21	1	Select Today	Evolution – calendar - View – Select Today.	2014-09-27 10:20:29	2014-09-27 10:20:29
37790	21	1	SELinux Troubleshooter	Main menu – System tools - SELinux Troubleshooter. Opens the SELinux Troubleshooter.	2014-09-27 10:20:29	2014-09-27 10:20:29
37791	21	1	Send Link	Firefox – File – Send link. Opens an email composition window using your computer's default email program so you can send a message with a link to the current page.	2014-09-27 10:20:29	2014-09-27 10:20:29
37792	21	1	Send/Receive	Evolution – Mail – File – Send/Receive. Send or receive message.	2014-09-27 10:20:29	2014-09-27 10:20:29
37793	21	1	Set Language	Gedit – Tools – Set language. Sets a language	2014-09-27 10:20:29	2014-09-27 10:20:29
37794	21	1	Set Title	Terminal – Terminal – Set title. Sets the title for the terminal.	2014-09-27 10:20:29	2014-09-27 10:20:29
37795	21	1	Show Menubar	Terminal – View – Show Menubar. Show or hide the menubar.	2014-09-27 10:20:29	2014-09-27 10:20:29
37796	21	1	Shut Down	Gdm – Shutdown. Shutdown the computer.	2014-09-27 10:20:30	2014-09-27 10:20:30
37797	21	1	Side Pane	Gedit – View – Side pane. To show or hide the side pane.	2014-09-27 10:20:30	2014-09-27 10:20:30
37798	21	1	Slide Design	Open office – Ooimpress – format – Slide Design. Selects the medium and the background of your presentation.	2014-09-27 10:20:30	2014-09-27 10:20:30
37799	21	1	Slide Layout	Open office – Ooimpress – format – Slide Layout. Selects the silde layout of your presentation.	2014-09-27 10:20:30	2014-09-27 10:20:30
37800	21	1	Slide Pane	Open office – Ooimpress – View – Slide pane. Whether to view the slide pane.	2014-09-27 10:20:30	2014-09-27 10:20:30
37801	21	1	Slide Show	Open office – Ooimpress – Slide show. To view the slide show and that related setting menu.	2014-09-27 10:20:30	2014-09-27 10:20:30
37802	21	1	Slide Sorter	Open office – Ooimpress – View – Slide sorter. Whether to view the slide sorter	2014-09-27 10:20:30	2014-09-27 10:20:30
37803	21	1	Slide Transition	Open office – Ooimpress – Slide show – Slide transition. Applies a transition to a selected slides	2014-09-27 10:20:30	2014-09-27 10:20:30
37804	21	1	Software Updater	Main menu – System - Preferences – Software updater. Settings for software updates	2014-09-27 10:20:30	2014-09-27 10:20:30
37805	21	1	Sort Buddies	Pidgin – Sort Buddies. Sort the list of buddies in particular order.	2014-09-27 10:20:30	2014-09-27 10:20:30
37806	21	1	Special Character	Open office – Insert - Special Character. Inserts Special Characters in the document.	2014-09-27 10:20:30	2014-09-27 10:20:30
37807	21	1	Split Cell	Open office – Oowriter – Table - Split Cell. Splits the selected cell in the table.	2014-09-27 10:20:30	2014-09-27 10:20:30
37808	21	1	Split Table	Open office – Oowriter – Table - Split Table. Splits the selected table.	2014-09-27 10:20:30	2014-09-27 10:20:30
37809	21	1	Stretch Icon	Nautilus – Edit – Stretch Icon. You can Stretch the Icon.	2014-09-27 10:20:30	2014-09-27 10:20:30
37810	21	1	Summary Slide	Open office – Ooimpress – Insert - Summary Slide. Inserts the Summary Slide.	2014-09-27 10:20:30	2014-09-27 10:20:30
37811	21	1	Switcher Appearance	Evolution – View – Switcher appearance.	2014-09-27 10:20:30	2014-09-27 10:20:30
37812	21	1	Synchronization Options	Evolution – Edit - Synchronization Options. Sets the Synchronization Options.	2014-09-27 10:20:30	2014-09-27 10:20:30
37813	21	1	System Log	Pidgin – Tools – System Log. Logs the system events.	2014-09-27 10:20:30	2014-09-27 10:20:30
37814	21	1	System Monitor	Main menu – System tools – System monitor. Opens the system monitor application to see the process and memory	2014-09-27 10:20:30	2014-09-27 10:20:30
37815	21	1	System Tools	Main menu – System tools. Contains some system configuration tools	2014-09-27 10:20:30	2014-09-27 10:20:30
37816	21	1	Table Boundaries	Open office – Oowriter – Table - Table Boundaries. Sets the Table Boundaries	2014-09-27 10:20:30	2014-09-27 10:20:30
37817	21	1	Table Properties	Open office – Oowriter – Table - Table Properties. Sets the Table Properties	2014-09-27 10:20:30	2014-09-27 10:20:30
37818	21	1	Take Screenshot	Main menu – Accessories – Take Screenshot. Captures the current screen.	2014-09-27 10:20:30	2014-09-27 10:20:30
37819	21	1	Task Pane	Open office – Ooimpress – View – Task pane. Show or hide the Task pane.	2014-09-27 10:20:30	2014-09-27 10:20:30
37820	21	1	Text Editor	Main menu – Accessories – Text editor. Opens Gedit application.	2014-09-27 10:20:30	2014-09-27 10:20:30
37821	21	1	Text Size	Firefox – View – Text size. To change the size of the Text in a page.	2014-09-27 10:20:30	2014-09-27 10:20:30
37822	21	1	The GIMP	Main menu – Graphics – The GIMP. Opens the Gimp application.	2014-09-27 10:20:30	2014-09-27 10:20:30
37823	21	1	Thunderbird Email	Main menu – Internet – Thunderbird Email. Opens the Thunderbird application.	2014-09-27 10:20:30	2014-09-27 10:20:30
37824	21	1	Undelete Message	Evolution – Mail – Edit – Undelete message. From the trash folder if select a message and click this option it 'll restore back the message.	2014-09-27 10:20:30	2014-09-27 10:20:30
37825	21	1	Unsaved Document	Gedit - Unsaved Document.	2014-09-27 10:20:30	2014-09-27 10:20:30
37826	21	1	User Name	GDM – Enter your user name to login.	2014-09-27 10:20:30	2014-09-27 10:20:30
37827	21	1	Value Highlighting	Open office – oocalc – View - Value Highlighting. Whether to Highlight the value.	2014-09-27 10:20:30	2014-09-27 10:20:30
37828	21	1	Vi Improved	Main menu – Accessories – Vi Improved. Opens the Vi editor.	2014-09-27 10:20:30	2014-09-27 10:20:30
37829	21	1	Volume Control	Main menu – System - Preferences – Volume control. Setting up the volume control.	2014-09-27 10:20:30	2014-09-27 10:20:30
37830	21	1	Web Search	Firefox – View – Web search. Show the web search bar in the right corner	2014-09-27 10:20:30	2014-09-27 10:20:30
37831	21	1	Week View	Evolution – Calender – View – current – Week view.	2014-09-27 10:20:30	2014-09-27 10:20:30
37832	21	1	What's This	Open office – Help – What's this. Gives the tools tip help when mouse over the button.	2014-09-27 10:20:30	2014-09-27 10:20:30
37833	21	1	With Status	Evolution – Mail – View – Current view – With status.	2014-09-27 10:20:30	2014-09-27 10:20:30
37834	21	1	Word Count	Open office – Oowriter – Word count. Counts the no of word in the document.	2014-09-27 10:20:30	2014-09-27 10:20:30
37835	21	1	Word Processor	Main menu – Office – Word processor. Opens oowriter application.	2014-09-27 10:20:30	2014-09-27 10:20:30
37836	21	1	Work Offline	Firefox – File – Work offline. Toggles between online and offline mode.	2014-09-27 10:20:30	2014-09-27 10:20:30
37837	21	1	Work Week	Evolution – View – Work week. Shows the work week view.	2014-09-27 10:20:30	2014-09-27 10:20:30
37838	21	1	Zoom In	Terminal – View – Zoom in. Increases the Window size.	2014-09-27 10:20:30	2014-09-27 10:20:30
37839	21	1	Zoom Out	Terminal – View – Zoom out. Decreases the Window size.	2014-09-27 10:20:30	2014-09-27 10:20:30
37840	21	1	Add or Remove	Terminal – Terminal – Set character encoding – Add or remove. This is used to adding or removing the Terminal encodings.	2014-09-27 10:20:30	2014-09-27 10:20:30
37841	21	1	Add Sender to Address Book	Evolution – Mail – Message - Add Sender to Address Book	2014-09-27 10:20:30	2014-09-27 10:20:30
37842	21	1	Add to Panel	Right click on panel and add any items to the panel	2014-09-27 10:20:30	2014-09-27 10:20:30
37843	21	1	Add/Remove Software	Main menu – System – Administration – Add/Remove Software. Install or uninstall the software in the system.	2014-09-27 10:20:30	2014-09-27 10:20:30
37844	21	1	Address Book Properties	Evolution – Contact - Actions – Address Book properties. Adding the properties of the Address Book	2014-09-27 10:20:30	2014-09-27 10:20:30
37845	21	1	All Message Headers	Right click on panel and you can add any items to the panel	2014-09-27 10:20:30	2014-09-27 10:20:30
37846	21	1	Assistive Technology Preferences	Main menu – System – preferences - Assistive Technology preferences. Use the Assistive Technologies preference tool to enable assistive technologies in the GNOME Desktop.	2014-09-27 10:20:30	2014-09-27 10:20:30
37847	21	1	Backgrounds and Emblems	Nautilus – Edit – Backgrounds and Emblems. Adding background and emblems	2014-09-27 10:20:30	2014-09-27 10:20:30
37848	21	1	Bookmark All Tabs	Firefox – Bookmark – Bookmark all Tabs. To bookmark all the opened Tabs.	2014-09-27 10:20:30	2014-09-27 10:20:30
37849	21	1	Bookmark This Page	Firefox – Bookmark – Bookmark This Page. To bookmark the Current opened page.	2014-09-27 10:20:30	2014-09-27 10:20:30
37850	21	1	Bullets and Numbering	Open office – Oowriter – Format - Bullets and Numbering. Displays the different bullet styles that you can apply.	2014-09-27 10:20:30	2014-09-27 10:20:30
37851	21	1	CD/DVD Creator	Main menu – System tools – CD/DVD creator. Opens the CD/DVD creator file browser.	2014-09-27 10:20:30	2014-09-27 10:20:30
37852	21	1	Change Desktop Background	Main Menu - System – preference – Display. To configure the display.	2014-09-27 10:20:30	2014-09-27 10:20:30
37853	21	1	Check for Junk	Evolution – Mail – Messages - Check for Junk. Checking for junk mails	2014-09-27 10:20:30	2014-09-27 10:20:30
37854	21	1	Check for Updates	Firefox – Help – Check for updates. Displays a dialog which checks for updates to Firefox and asks you whether you want to download updates if any are available	2014-09-27 10:20:30	2014-09-27 10:20:30
37855	21	1	Clean Up by Name	Right click on desktop - Clean UP by Name	2014-09-27 10:20:30	2014-09-27 10:20:30
37856	21	1	Clean Up by Names	Right click on nautilus - Clean UP by Names	2014-09-27 10:20:30	2014-09-27 10:20:30
37857	21	1	Close All Folders	Nautilus – File – Close all Folders. Closes all the folders	2014-09-27 10:20:30	2014-09-27 10:20:30
37858	21	1	Close Parent Folders	Nautilus – File – Close parent Folders. Closes the parent folders	2014-09-27 10:20:30	2014-09-27 10:20:30
37859	21	1	Collapse All Threads	Evolution – Mail – View - Collapse All Threads.	2014-09-27 10:20:30	2014-09-27 10:20:30
37860	21	1	Column & Row Headers	Open office – Oocalc – View - Column & Row Headers	2014-09-27 10:20:30	2014-09-27 10:20:30
37861	21	1	Compose New Message	Evolution – Mail – Message - Compose New Message. Composes a new message.	2014-09-27 10:20:30	2014-09-27 10:20:30
37862	21	1	Connect to Server	Main menu – Place – Connect to server. Connect to server dialog 'll open. There you can configure the server to be connected.	2014-09-27 10:20:30	2014-09-27 10:20:30
37863	21	1	Copy All Contact to	Evolution – Contacts – Actions- Copy All Contact to. Copies all the contacts to specified place.	2014-09-27 10:20:30	2014-09-27 10:20:30
37864	21	1	Copy Contact to	Evolution – Contacts – Actions- Copy Contact to. Copies the selected contacts to specified place.	2014-09-27 10:20:30	2014-09-27 10:20:30
37865	21	1	Copy Folder To...	Evolution – Mail – Folder- Copy Folder to. Copies selected Folder to specified place.	2014-09-27 10:20:30	2014-09-27 10:20:30
37866	21	1	Copy to Folder	Evolution – Mail – Message - Copy to Folder. Copies the mesages to the folder.	2014-09-27 10:20:30	2014-09-27 10:20:30
37867	21	1	Create Search Folder from Search	Evolution – Mail – Search - Create Search Folder from Search.	2014-09-27 10:20:30	2014-09-27 10:20:30
37868	21	1	Custom Slide Show	Open office – ooimpress – Slide show – Custom Slide show. Runs the custom slide show you selected when you click Start	2014-09-27 10:20:30	2014-09-27 10:20:30
37869	21	1	Date & Time	Main menu – System – Administration – Date & Time. Configures the system Date & Time.	2014-09-27 10:20:30	2014-09-27 10:20:30
37870	21	1	Default System Session	Gdm - Sets the default system session.	2014-09-27 10:20:30	2014-09-27 10:20:30
37871	21	1	Delete Manual Break	open office -oowriter – Insert - Delete Manual Break. Deletes the manual page break.	2014-09-27 10:20:30	2014-09-27 10:20:30
37872	21	1	Delete This Panel	Right click on panel and you can delete the panel.	2014-09-27 10:20:30	2014-09-27 10:20:30
37873	21	1	Disk Usage Analyzer	Main menu – System tools -Disk Usage Analyzer. Opens Disk Usage Analyzer	2014-09-27 10:20:30	2014-09-27 10:20:30
37874	21	1	Edit as New Message	Evolution – Message - Edit as New Message.	2014-09-27 10:20:30	2014-09-27 10:20:30
37875	21	1	Edit Saved Search	Evolution – Search - Edit Saved Search. Edits the saved search.	2014-09-27 10:20:30	2014-09-27 10:20:30
37876	21	1	Expand All Threads	Firefox – Bookmark – Bookmark This Page. To bookmark the Current opened page.	2014-09-27 10:20:30	2014-09-27 10:20:30
37877	21	1	Export as PDF	Open office – Oowriter – File – Export as PDF. Saves the current file to Portable Document Format (PDF) version	2014-09-27 10:20:30	2014-09-27 10:20:30
37878	21	1	Find & Replace	Open office – Edit – Find & replace. Searches for or replaces text or formats in the current document.	2014-09-27 10:20:30	2014-09-27 10:20:30
37879	21	1	Find in Message	Evolution – Mail – Edit – Find in Message.	2014-09-27 10:20:30	2014-09-27 10:20:30
37880	21	1	Find in This Page	Firefox – Edit – Find in this page. Displays the Find Toolbar at the bottom of the browser window. Enter the text you wish to find in the toolbar, and as you type Firefox will automatically find and select the first occurrence of the entered text on the page.	2014-09-27 10:20:30	2014-09-27 10:20:30
37881	21	1	Firefox Web Browser	Main menu – Internet – Firefox web browser. Opens the Firefox application	2014-09-27 10:20:30	2014-09-27 10:20:30
37882	21	1	Get User Info	Pidgin – Buddies – Get user info.	2014-09-27 10:20:31	2014-09-27 10:20:31
37883	21	1	Go to Line	Gedit – Search – Go to Line. Goes to the particular line.	2014-09-27 10:20:31	2014-09-27 10:20:31
37884	21	1	Group By Threads	Evolution – Mail – View – Group By Threads.	2014-09-27 10:20:31	2014-09-27 10:20:31
37885	21	1	Gthumb Image Viewer	Main menu – Graphics – Gthumb image viewer. Opens Gthumb application.	2014-09-27 10:20:31	2014-09-27 10:20:31
37886	21	1	Headers & Footers	Open office – Edit – Headers & Footers. Edits the inserted headers and footers	2014-09-27 10:20:31	2014-09-27 10:20:31
37887	21	1	Hide Deleted Messages	Evolution – Mail – View - Hide Deleted Messages	2014-09-27 10:20:31	2014-09-27 10:20:31
37888	21	1	Hide Read Messages	Evolution – Mail – View - Hide Read Messages	2014-09-27 10:20:31	2014-09-27 10:20:31
37889	21	1	Hide Selected Messages	Evolution – Mail – View - Hide Selected Messages	2014-09-27 10:20:31	2014-09-27 10:20:31
37890	21	1	Indexes and Tables	Open office – Oowriter – Insert – Indexes and tables. Marks the selected text as index or table of contents entry.	2014-09-27 10:20:31	2014-09-27 10:20:31
37891	21	1	Input Method Status	Open office – Oowriter – View – Input method status. Shows or hides the Input Method Engine (IME) status window.	2014-09-27 10:20:31	2014-09-27 10:20:31
37892	21	1	Insert Date and Time	Gedit – Edit - Insert Date and Time	2014-09-27 10:20:31	2014-09-27 10:20:31
37893	21	1	IP Telephony, VoIP and Video Conferencing	Main menu – Internet - IP Telephony, VoIP and Video Conferencing. Opens the ekiga application .	2014-09-27 10:20:31	2014-09-27 10:20:31
37894	21	1	Link to External Data	Open office – Oocalc – Insert – Link to External Data.	2014-09-27 10:20:31	2014-09-27 10:20:31
37895	21	1	Lock To Panel	Right click on the item on the Panel – Lock to panel. Locks the items to the panel	2014-09-27 10:20:31	2014-09-27 10:20:31
37896	21	1	Log Out root	Main menu - Log Out root. Logout from root login.	2014-09-27 10:20:31	2014-09-27 10:20:31
37897	21	1	Logical Volume Management	Main menu – System – Administration - Logical Volume Management. Configures the logical volume management.	2014-09-27 10:20:31	2014-09-27 10:20:31
37898	21	1	Mail Merge Wizard	Open office -oowriter – Tools - Mail Merge Wizard.	2014-09-27 10:20:31	2014-09-27 10:20:31
37899	21	1	Mark All Messages as Read	Evolution – Mail – Folder - Mark All Message as Read	2014-09-27 10:20:31	2014-09-27 10:20:31
37900	21	1	Menus & Toolbars	Main menu – System – Preferences - Menus & Toolbars.	2014-09-27 10:20:31	2014-09-27 10:20:31
37901	21	1	Move All Contact to	Evolution – Contacts – Actions- Move All Contact to. Moves all the contacts to specified place.	2014-09-27 10:20:31	2014-09-27 10:20:31
37902	21	1	Move Contact to	Evolution – Contacts – Actions- Move Contact to. Moves the selected contacts to specified place.	2014-09-27 10:20:31	2014-09-27 10:20:31
37903	21	1	Move Folder To...	Evolution – Mail – Folder - Move Folder to. Moves the selected folder to specified place.	2014-09-27 10:20:31	2014-09-27 10:20:31
37904	21	1	Move Tab to the Left	Terminal – Tabs - Move tab to the Left.	2014-09-27 10:20:31	2014-09-27 10:20:31
37905	21	1	Move Tab to the Right	Terminal – Tabs - Move tab to the Right.	2014-09-27 10:20:31	2014-09-27 10:20:31
37906	21	1	Move to Folder	Evolution – Mail – Message - Move to Folder	2014-09-27 10:20:31	2014-09-27 10:20:31
37907	21	1	Move to New Window	Gedit – Document - Move to New Window. Move the current document to new window.	2014-09-27 10:20:31	2014-09-27 10:20:31
37908	21	1	Move to Trash	Nautilus – Edit - Move to Trash. Move the selected item to the trash.	2014-09-27 10:20:31	2014-09-27 10:20:31
37909	21	1	Movie and Sound	Open office – Insert - Movie and Sound. Inserts a video or sound file into your document.	2014-09-27 10:20:31	2014-09-27 10:20:31
37910	21	1	Multimedia System Selector	Main Menu – System - Preferences – Multimedia System Selector.	2014-09-27 10:20:31	2014-09-27 10:20:31
37911	21	1	New Instant Message	Pidgin – Buddies - New Instant Message. Send a new instant message to buddies.	2014-09-27 10:20:31	2014-09-27 10:20:31
37912	21	1	On This Computer	Evolution – Mail – On this computer.	2014-09-27 10:20:31	2014-09-27 10:20:31
37913	21	1	Open Existing Presentation	Open office – Ooimpress – First screen - Open existing presentation. Opens the existing presentation.	2014-09-27 10:20:31	2014-09-27 10:20:31
37914	21	1	Open in New Window	Evolution – Mail – Message - Open in New Window. Open the message in new window.	2014-09-27 10:20:31	2014-09-27 10:20:31
37915	21	1	Open in Terminal	Nautilus – File - Open in Terminal. Open the current location on Terminal.	2014-09-27 10:20:31	2014-09-27 10:20:31
37916	21	1	Page Break Preview	Open office – View – Page break preview. Display the page breaks and print ranges in the sheet.	2014-09-27 10:20:31	2014-09-27 10:20:31
37917	21	1	Personal File Sharing	Main Menu – System - Preferences – Personal File Sharing. Configures the personal file sharing.	2014-09-27 10:20:31	2014-09-27 10:20:31
37918	21	1	Personal Toolbar Folder	Firefox – Bookmark - Manage Bookmarks - Personal Toolbar Folder. When you add a bookmark in your personal toolbar folder, that site title and icon will appear in the personal toolbar under the address bar.	2014-09-27 10:20:31	2014-09-27 10:20:31
37919	21	1	Please enter your user name	Gdm - Please enter your user name. Here you have to enter your user name to enter into the login to your system.	2014-09-27 10:20:31	2014-09-27 10:20:31
37920	21	1	Position and Size	Open office -oowriter – Format – Position and Size. Resizes or moves the selected object.	2014-09-27 10:20:31	2014-09-27 10:20:31
37921	21	1	Post a Reply	Evolution – Mail – message - Post a Reply	2014-09-27 10:20:31	2014-09-27 10:20:31
37922	21	1	Post New Message to Folder	Evolution – Mail – message - Post New Message to Folder	2014-09-27 10:20:31	2014-09-27 10:20:31
37923	21	1	Publish Calendar Information	Evolution - Calendar – Action - Publish calender Information	2014-09-27 10:20:31	2014-09-27 10:20:31
37924	21	1	Removable Drives and Media	Main menu – System – Preferences -Removable Drives and Media. Configures the Removable Drives and Media	2014-09-27 10:20:31	2014-09-27 10:20:31
37925	21	1	Remove From Panel	Right click on item in the panel and you can remove them from the panel.	2014-09-27 10:20:31	2014-09-27 10:20:31
37926	21	1	Reply to All	Evolution – Mail – Message – Reply to all.	2014-09-27 10:20:31	2014-09-27 10:20:31
37927	21	1	Reply to List	Evolution – Mail – Message - Reply to List	2014-09-27 10:20:31	2014-09-27 10:20:31
37928	21	1	Reply to Sender	Evolution – Mail – Message - Reply to Sender	2014-09-27 10:20:31	2014-09-27 10:20:31
37929	21	1	Report Broken Web Site	Firefox – Help - Report broken Web Site. Allows you to report web sites that do not work correctly in Firefox to the Firefox developers.	2014-09-27 10:20:31	2014-09-27 10:20:31
37930	21	1	Reset and Clear	Terminal – Terminal – Reset and clear.	2014-09-27 10:20:31	2014-09-27 10:20:31
37931	21	1	Reset View to Defaults	Nautilus – View - Reset View to Defaults.	2014-09-27 10:20:31	2014-09-27 10:20:31
37932	21	1	Restore Icon's Original Size	Nautilus – Edit - Restore Icon's Original Size. If the icon is stretch it 'll restore to the original size.	2014-09-27 10:20:31	2014-09-27 10:20:31
37933	21	1	Rhythmbox Music Player	Main Menu – Sound & video - Rhythmbox Music Player. Opens Rhythmbox Music Player application.	2014-09-27 10:20:31	2014-09-27 10:20:31
37934	21	1	Save Frame As	Firefox – File - Save Frame As. If the website contains frames. You can save the frame as some file format	2014-09-27 10:20:31	2014-09-27 10:20:31
37935	21	1	Save Message	Evolution – Mail – File – Save message. Saves the composed message.	2014-09-27 10:20:31	2014-09-27 10:20:31
37936	21	1	Save Page As	Firefox – File - Save Pages as. Saves the page you are currently browsing.	2014-09-27 10:20:31	2014-09-27 10:20:31
37937	21	1	SCIM Input Method Setup	Main Menu - System – preference – SCIM Input Method Setup. To configure the SCIM Input Method Setup.	2014-09-27 10:20:31	2014-09-27 10:20:31
37938	21	1	Search for Files	Main menu – Place – Search for files. Searching files and folder in the system.	2014-09-27 10:20:31	2014-09-27 10:20:31
37939	21	1	Security Level and Firewall	Main Menu - System – preference – Display. To configure the display.	2014-09-27 10:20:31	2014-09-27 10:20:31
37940	21	1	Select All Messages	Evolution – Folder - Select All Messages. Selects all the messages in the folder	2014-09-27 10:20:31	2014-09-27 10:20:31
37941	21	1	Select All Text	Evolution – Edit - Select All Text. Selects all the text in the message.	2014-09-27 10:20:31	2014-09-27 10:20:31
37942	21	1	Select Message Thread	Evolution – Folder - Select Message Thread. Select the message thread.	2014-09-27 10:20:31	2014-09-27 10:20:31
37943	21	1	Send Message to Contact	Evolution – Contacts – Actions- Send message to contact.	2014-09-27 10:20:31	2014-09-27 10:20:31
37944	21	1	Set Character Encoding	Terminal – Terminal - Set Character Encoding. Sets the encoding.	2014-09-27 10:20:31	2014-09-27 10:20:31
37945	21	1	Sheet From File	Open office – oocalc – Insert - Sheet From File. Inserts a sheet from a different spreadsheet file.	2014-09-27 10:20:31	2014-09-27 10:20:31
37946	21	1	Show Empty Groups	Pidgin – Buddies – Show Empty group. Shows the Empty group.	2014-09-27 10:20:31	2014-09-27 10:20:31
37947	21	1	Show Hidden Files	Nautilus – View - Show Hidden Files. Shows the hidden files	2014-09-27 10:20:31	2014-09-27 10:20:31
37948	21	1	Show Hidden Messages	Evolution – View - Show Hidden Messeges. Shows the hidden messages	2014-09-27 10:20:31	2014-09-27 10:20:31
37949	21	1	Show Idle Times	Pidgin – Buddies – Show Idle Times. Shows the Idle times.	2014-09-27 10:20:31	2014-09-27 10:20:31
37950	21	1	Show Offline Buddies	Pidgin – Buddies – Show offline buddies. Shows the buddies who are offline.	2014-09-27 10:20:31	2014-09-27 10:20:31
37951	21	1	Show/Hide Slide	Open office – Ooimpress – Show/Hide Slide. Whether to show or hide a particular slide.	2014-09-27 10:20:31	2014-09-27 10:20:31
37952	21	1	Slide Show Settings	Open office – Ooimpress – Slide show – Slide show settings. Sets the slide show options.	2014-09-27 10:20:31	2014-09-27 10:20:31
37953	21	1	Smart Card Manager	Main menu – System – Administration - Smart Card Manager. Configures the Smart Card Manager.	2014-09-27 10:20:31	2014-09-27 10:20:31
37954	21	1	Sound & Video	Main Menu – Sound & video. Contains sound & video applications	2014-09-27 10:20:31	2014-09-27 10:20:31
37955	21	1	Sound Juicer CD Extractor	Main Menu – Sound & video - Sound Juicer CD Extractor. Opens Sound Juicer CD Extractor application.	2014-09-27 10:20:31	2014-09-27 10:20:31
37956	21	1	Soundcard Detection	Main Menu – System - Preferences – Sound card Detection. Configures the sound card.	2014-09-27 10:20:31	2014-09-27 10:20:31
37957	21	1	Styles and Formatting	Open office – Format - Styles and Formatting. Applies the selected styles and formatting to the selected area.	2014-09-27 10:20:31	2014-09-27 10:20:31
37958	21	1	Submit Bug Report	Evolution – Help - Submit Bug Report	2014-09-27 10:20:31	2014-09-27 10:20:31
37959	21	1	Subscribe to Other User's Folder	Evolution – Help - Subscribe to Other User's Folder	2014-09-27 10:20:31	2014-09-27 10:20:31
37960	21	1	Terminal Server Client	Main menu – Internet – Terminal Server Client.	2014-09-27 10:20:31	2014-09-27 10:20:31
37961	21	1	Users and Groups	Main menu – System – Administration - Users and Groups.	2014-09-27 10:20:31	2014-09-27 10:20:31
37962	21	1	View as Icons	Nautilus – View - View as Icons. Shows the files/folders as Icons	2014-09-27 10:20:31	2014-09-27 10:20:31
37963	21	1	View as List	Nautilus – View - View as list. Shows the files/folders as list	2014-09-27 10:20:31	2014-09-27 10:20:31
37964	21	1	View User Log	Pidgin – Buddies – View user log. Show the chat log of user you chat.	2014-09-27 10:20:31	2014-09-27 10:20:31
37965	21	1	With Due Date	Evolution - Task – View – Current view – With due date.	2014-09-27 10:20:31	2014-09-27 10:20:31
37966	21	1	Work Week View	Evolution - Calendar – View – Current view - Work Week View	2014-09-27 10:20:31	2014-09-27 10:20:31
